Year,Country,FemaleTotal,MaleTotal
2001,Afghanistan,1385966,1643930
2001,Albania,451,662
2001,Algeria,350,680
2001,Angola,74573,73373
2001,Antigua and Barbuda,0,0
2001,Egypt,53,86
2001,Argentina,5,0
2001,Armenia,378,373
2001,Austria,0,0
2001,Azerbaijan,143533,121317
2001,Bahrain,0,5
2001,Barbados,0,0
2001,Burundi,270394,259048
2001,Belgium,0,0
2001,Benin,6,24
2001,Bangladesh,77,661
2001,Bhutan,54336,56458
2001,Burkina Faso,13,33
2001,Belarus,35,45
2001,Bolivia,29,28
2001,Brazil,5,0
2001,Bosnia and Herzegovina,98409,77127
2001,Bulgaria,72,107
2001,Cambodia,10032,9992
2001,Canada,0,0
2001,Central African Rep.,57,139
2001,Chad,1198,1782
2001,China,311,470
2001,Chile,176,220
2001,Cameroon,87,183
2001,Congo,8254,9870
2001,Dem. Rep. Congo,142276,140179
2001,Comoros,0,0
2001,Colombia,705,860
2001,Costa Rica,0,0
2001,Cuba,424,361
2001,Cabo Verde,0,5
2001,Cyprus,0,0
2001,Czechia,49,77
2001,Denmark,0,0
2001,Djibouti,18,33
2001,Dominica,0,0
2001,Dominican Rep.,0,0
2001,Ecuador,13,16
2001,Equatorial Guinea,18,30
2001,Eritrea,69116,66045
2001,Estonia,15,5
2001,Ethiopia,8473,10364
2001,Fiji,0,0
2001,France,0,0
2001,Gabon,0,0
2001,Gambia,19,43
2001,Palestinian,1186,1223
2001,United Kingdom of Great Britain and Northern Ireland,0,0
2001,Georgia,304,257
2001,Germany,7,0
2001,Ghana,7059,5081
2001,Guinea-Bissau,232,630
2001,Greece,0,0
2001,Grenada,0,0
2001,Guatemala,6212,6620
2001,Guinea,88,249
2001,Guyana,0,0
2001,Haiti,691,773
2001,"China, Hong Kong SAR",0,0
2001,Honduras,52,63
2001,Croatia,125316,119749
2001,Hungary,119,323
2001,Cote d'Ivoire,17,30
2001,India,21,190
2001,Indonesia,2264,2766
2001,Ireland,0,0
2001,Iran (Islamic Rep. of),13638,15420
2001,Iraq,171169,230985
2001,Israel,5,12
2001,Italy,5,0
2001,Jamaica,0,0
2001,Jordan,37,27
2001,Japan,0,0
2001,Kazakhstan,36,47
2001,Kenya,51,102
2001,Kyrgyzstan,13,5
2001,Rep. of Korea,0,0
2001,Dem. People's Rep. of Korea,0,0
2001,Kuwait,11,5
2001,Laos,4722,5204
2001,Liberia,98933,90463
2001,Libya,150,231
2001,Saint Lucia,0,0
2001,Lebanon,58,123
2001,Sri Lanka,10261,15126
2001,Lithuania,13,36
2001,Latvia,28,29
2001,"China, Macao SAR",0,0
2001,Madagascar,11,18
2001,Mauritania,14772,12967
2001,North Macedonia,6037,4974
2001,Rep. of Moldova,45,47
2001,Mexico,0,0
2001,Mali,27,101
2001,Malaysia,0,0
2001,Malawi,0,0
2001,Mongolia,0,0
2001,Morocco,42,88
2001,Mozambique,5,6
2001,Malta,0,0
2001,Mauritius,5,25
2001,Myanmar,65082,68477
2001,Namibia,783,1505
2001,Nepal,0,0
2001,Netherlands,0,0
2001,Niger,0,10
2001,Nicaragua,469,475
2001,Nigeria,169,312
2001,Oman,0,0
2001,Pakistan,161,306
2001,Panama,0,0
2001,Paraguay,0,0
2001,Peru,378,428
2001,Philippines,0,0
2001,Papua New Guinea,0,0
2001,Poland,504,547
2001,Portugal,0,0
2001,Romania,305,295
2001,South Africa,15,24
2001,Russia,4923,4548
2001,Rwanda,17869,22331
2001,El Salvador,1657,1816
2001,Saudi Arabia,0,0
2001,Serbia and Kosovo: S/RES/1244 (1999),11094,13097
2001,Senegal,4054,3699
2001,Seychelles,9,0
2001,Singapore,0,0
2001,Sierra Leone,49531,48231
2001,Solomon Islands,0,0
2001,Somalia,155019,150430
2001,Spain,0,0
2001,Vietnam,148530,163949
2001,Sao Tome and Principe,0,0
2001,Sudan,173658,210479
2001,Suriname,0,0
2001,Slovakia,39,39
2001,Slovenia,5,7
2001,Eswatini,0,0
2001,Sweden,0,0
2001,Switzerland,0,0
2001,Syrian Arab Rep.,192,360
2001,United Rep. of Tanzania,0,18
2001,Thailand,0,0
2001,Tajikistan,9016,11803
2001,Turkmenistan,15,0
2001,Timor-Leste,35060,37982
2001,Togo,1120,1179
2001,Trinidad and Tobago,0,0
2001,Tunisia,284,592
2001,Türkiye,12911,17242
2001,Tuvalu,0,0
2001,United Arab Emirates,0,0
2001,Uganda,2567,3561
2001,Ukraine,303,322
2001,Uruguay,0,0
2001,United States of America,0,0
2001,Uzbekistan,12,13
2001,Saint Vincent and the Grenadines,0,0
2001,Venezuela,0,0
2001,Western Sahara,76133,80205
2001,Yemen,661,715
2001,Zambia,0,7
2001,Zimbabwe,0,5
2001,Stateless,418,655
2001,Tibetan,0,0
2001,Unknown ,3538,4387
2002,Afghanistan,662409,591803
2002,Albania,384,559
2002,Algeria,273,579
2002,Andorra,0,0
2002,Angola,76696,77277
2002,Antigua and Barbuda,0,0
2002,Egypt,51,81
2002,Argentina,0,0
2002,Armenia,377,354
2002,Australia,0,0
2002,Austria,0,0
2002,Azerbaijan,104017,88696
2002,Bahrain,0,5
2002,Barbados,0,0
2002,Burundi,279636,267840
2002,Belgium,0,0
2002,Benin,6,23
2002,Bangladesh,98,718
2002,Bhutan,55097,57182
2002,Burkina Faso,6,30
2002,Belarus,46,49
2002,Bolivia,16,14
2002,Botswana,0,0
2002,Brazil,6,0
2002,Bosnia and Herzegovina,8257,6808
2002,Bulgaria,55,69
2002,Cambodia,9336,9125
2002,Canada,0,0
2002,Central African Rep.,11688,13271
2002,Chad,1582,2645
2002,China,37457,56167
2002,Chile,72,81
2002,Cameroon,79,236
2002,Congo,8312,9263
2002,Dem. Rep. Congo,198455,186048
2002,Comoros,0,10
2002,Colombia,3021,3658
2002,Costa Rica,0,0
2002,Cuba,456,622
2002,Cabo Verde,0,0
2002,Cyprus,0,0
2002,Czechia,29,40
2002,Denmark,0,0
2002,Djibouti,43,54
2002,Dominica,0,0
2002,Dominican Rep.,0,0
2002,Ecuador,12,17
2002,Equatorial Guinea,46,65
2002,Eritrea,55765,60646
2002,Estonia,9,5
2002,Ethiopia,5949,8143
2002,Fiji,0,0
2002,Finland,0,0
2002,France,0,0
2002,Gabon,0,5
2002,Gambia,20,43
2002,Palestinian,31342,42147
2002,United Kingdom of Great Britain and Northern Ireland,0,0
2002,Georgia,327,279
2002,Germany,0,0
2002,Ghana,7027,5058
2002,Guinea-Bissau,223,619
2002,Greece,0,0
2002,Grenada,0,0
2002,Guatemala,5087,5386
2002,Guinea,115,253
2002,Guyana,0,0
2002,Haiti,715,900
2002,Honduras,56,63
2002,Croatia,11281,11281
2002,Hungary,58,113
2002,Iceland,0,0
2002,Cote d'Ivoire,11173,10924
2002,India,22,175
2002,Indonesia,2279,2812
2002,Ireland,0,0
2002,Iran (Islamic Rep. of),11801,13517
2002,Iraq,5971,9237
2002,Israel,5,11
2002,Italy,5,0
2002,Jamaica,0,0
2002,Jordan,26,25
2002,Japan,0,0
2002,Kazakhstan,56,63
2002,Kenya,61,112
2002,Kyrgyzstan,14,6
2002,Rep. of Korea,0,0
2002,Dem. People's Rep. of Korea,0,0
2002,Kuwait,0,0
2002,Laos,4410,4704
2002,Liberia,112100,109272
2002,Libya,160,236
2002,Saint Lucia,0,0
2002,Lebanon,33,86
2002,Lesotho,0,0
2002,Sri Lanka,38359,42655
2002,Lithuania,0,17
2002,Latvia,21,24
2002,"China, Macao SAR",0,0
2002,Madagascar,14,17
2002,Mauritania,14847,13221
2002,North Macedonia,1853,1797
2002,Rep. of Moldova,48,57
2002,Mexico,0,0
2002,Mali,30,105
2002,Malaysia,0,0
2002,Malawi,0,0
2002,Mongolia,8,0
2002,Morocco,31,71
2002,Mozambique,5,8
2002,Malta,0,0
2002,Mauritius,5,24
2002,Myanmar,68083,72619
2002,Namibia,481,791
2002,Nepal,0,0
2002,Netherlands,0,0
2002,Niger,0,9
2002,Nicaragua,642,736
2002,Nigeria,160,358
2002,Norway,0,0
2002,Oman,0,0
2002,Pakistan,127,240
2002,Panama,0,0
2002,Paraguay,0,0
2002,Peru,329,405
2002,Philippines,7,0
2002,Papua New Guinea,0,0
2002,Poland,146,132
2002,Portugal,5,0
2002,Qatar,0,0
2002,Romania,205,188
2002,South Africa,15,13
2002,Russia,11660,8932
2002,Rwanda,18537,23080
2002,El Salvador,1420,1470
2002,Saudi Arabia,0,0
2002,Serbia and Kosovo: S/RES/1244 (1999),8897,9962
2002,Senegal,4066,3710
2002,Seychelles,7,0
2002,Singapore,0,0
2002,Sierra Leone,38134,36067
2002,San Marino,0,0
2002,Solomon Islands,0,0
2002,Somalia,138353,149282
2002,Spain,0,0
2002,Vietnam,147931,164760
2002,Sao Tome and Principe,19,17
2002,Sudan,198512,231017
2002,Suriname,0,0
2002,Slovakia,45,38
2002,Slovenia,0,0
2002,Eswatini,0,0
2002,Sweden,0,0
2002,Switzerland,0,0
2002,Syrian Arab Rep.,165,354
2002,United Rep. of Tanzania,0,19
2002,Thailand,0,0
2002,Tajikistan,31691,30157
2002,Turkmenistan,15,0
2002,Timor-Leste,0,0
2002,Togo,930,930
2002,Tonga,0,0
2002,Trinidad and Tobago,0,0
2002,Tunisia,316,637
2002,Türkiye,12086,16083
2002,Tuvalu,0,0
2002,United Arab Emirates,0,0
2002,Uganda,4270,4553
2002,Ukraine,234,233
2002,Uruguay,0,0
2002,United States of America,0,0
2002,Uzbekistan,20,20
2002,Saint Vincent and the Grenadines,0,0
2002,Venezuela,0,0
2002,Western Sahara,78188,78126
2002,Yemen,305,328
2002,Zambia,0,7
2002,Zimbabwe,0,26
2002,Stateless,103,85
2002,Tibetan,0,0
2002,Unknown ,42411,61221
2003,Afghanistan,921570,1054711
2003,Albania,411,486
2003,Algeria,343,664
2003,Andorra,0,0
2003,Angola,68525,66692
2003,Antigua and Barbuda,0,0
2003,Egypt,57,77
2003,Argentina,0,0
2003,Armenia,415,405
2003,Australia,0,0
2003,Austria,0,5
2003,Azerbaijan,101027,86142
2003,Bahrain,0,0
2003,Barbados,0,0
2003,Burundi,163921,169139
2003,Belgium,0,0
2003,Benin,0,6
2003,Bangladesh,113,741
2003,Bhutan,50892,52775
2003,Burkina Faso,6,26
2003,Belarus,82,94
2003,Bolivia,11,14
2003,Botswana,0,0
2003,Brazil,5,0
2003,Bosnia and Herzegovina,6643,6032
2003,Bulgaria,51,63
2003,Belize,0,0
2003,Cambodia,16644,13810
2003,Canada,0,0
2003,Central African Rep.,18490,15494
2003,Chad,1465,2604
2003,China,431,620
2003,Chile,59,57
2003,Cameroon,101,285
2003,Congo,8142,9247
2003,Dem. Rep. Congo,212136,199194
2003,Comoros,5,20
2003,Colombia,616,815
2003,Costa Rica,0,0
2003,Cuba,311,407
2003,Cabo Verde,0,0
2003,Cyprus,0,0
2003,Czechia,11,22
2003,Denmark,0,0
2003,Djibouti,51,59
2003,Dominica,0,0
2003,Dominican Rep.,0,0
2003,Ecuador,14,22
2003,Equatorial Guinea,54,76
2003,Eritrea,50522,56908
2003,Estonia,7,5
2003,Ethiopia,6506,8856
2003,Fiji,0,0
2003,Finland,0,0
2003,France,0,5
2003,Gabon,0,0
2003,Gambia,21,45
2003,Palestinian,11959,12372
2003,United Kingdom of Great Britain and Northern Ireland,0,0
2003,Georgia,457,420
2003,Germany,5,5
2003,Ghana,6991,5013
2003,Guinea-Bissau,220,616
2003,Greece,0,0
2003,Grenada,0,0
2003,Guatemala,1677,2232
2003,Guinea,153,301
2003,Guyana,0,0
2003,Haiti,720,975
2003,"China, Hong Kong SAR",0,0
2003,Honduras,51,52
2003,Croatia,9938,10021
2003,Hungary,52,93
2003,Iceland,0,0
2003,Cote d'Ivoire,5549,6029
2003,India,23,175
2003,Indonesia,4109,6580
2003,Ireland,0,0
2003,Iran (Islamic Rep. of),6727,7936
2003,Iraq,8107,10650
2003,Israel,0,19
2003,Italy,0,0
2003,Jamaica,0,0
2003,Jordan,22,27
2003,Japan,0,0
2003,Kazakhstan,83,76
2003,Kenya,37,37
2003,Kyrgyzstan,12,13
2003,Kiribati,0,0
2003,Rep. of Korea,0,0
2003,Dem. People's Rep. of Korea,0,0
2003,Kuwait,0,7
2003,Laos,3984,4268
2003,Liberia,159887,150659
2003,Libya,177,241
2003,Saint Lucia,0,0
2003,Lebanon,28,89
2003,Lesotho,0,0
2003,Sri Lanka,5915,9786
2003,Lithuania,0,11
2003,Latvia,23,18
2003,"China, Macao SAR",0,0
2003,Madagascar,29,30
2003,Mauritania,14931,13797
2003,North Macedonia,747,765
2003,Rep. of Moldova,64,80
2003,Mexico,0,0
2003,Mali,34,94
2003,Malaysia,0,0
2003,Malawi,0,0
2003,Mongolia,10,8
2003,Morocco,27,63
2003,Mozambique,5,8
2003,Malta,0,0
2003,Mauritius,5,42
2003,Myanmar,69069,74780
2003,Namibia,17,18
2003,Nepal,0,8
2003,Netherlands,0,0
2003,Niger,0,8
2003,Nicaragua,515,533
2003,Nigeria,9088,8490
2003,Norway,0,0
2003,Nauru,0,0
2003,Oman,0,0
2003,Pakistan,121,240
2003,Panama,0,0
2003,Paraguay,0,0
2003,Peru,156,201
2003,Philippines,0,7
2003,Papua New Guinea,0,0
2003,Poland,116,111
2003,Portugal,0,5
2003,Qatar,0,0
2003,Romania,160,152
2003,South Africa,15,11
2003,Russia,11916,9027
2003,Rwanda,19308,24725
2003,El Salvador,1482,1611
2003,Saudi Arabia,0,0
2003,Serbia and Kosovo: S/RES/1244 (1999),5790,6953
2003,Senegal,4188,3778
2003,Seychelles,6,0
2003,Singapore,0,0
2003,Sierra Leone,19049,21302
2003,Solomon Islands,0,0
2003,Somalia,120067,123965
2003,Spain,0,0
2003,Vietnam,148570,164188
2003,Sao Tome and Principe,19,17
2003,Sudan,242979,263498
2003,Suriname,0,0
2003,Slovakia,50,41
2003,Slovenia,0,0
2003,Sweden,0,0
2003,Switzerland,0,0
2003,Syrian Arab Rep.,440,630
2003,United Rep. of Tanzania,0,21
2003,Thailand,0,0
2003,Tajikistan,29173,27162
2003,Turkmenistan,15,0
2003,Timor-Leste,0,0
2003,Togo,1060,1127
2003,Tonga,0,0
2003,Trinidad and Tobago,0,0
2003,Tunisia,317,671
2003,Türkiye,11459,15564
2003,Tuvalu,0,0
2003,United Arab Emirates,0,0
2003,Uganda,3122,3686
2003,Ukraine,281,254
2003,Uruguay,0,0
2003,United States of America,0,0
2003,Uzbekistan,40,38
2003,Saint Vincent and the Grenadines,0,0
2003,Venezuela,0,5
2003,Western Sahara,76112,80047
2003,Yemen,251,275
2003,Zambia,5,0
2003,Zimbabwe,0,0
2003,Stateless,328,568
2003,Tibetan,0,0
2003,Unknown ,1587,1813
2004,Afghanistan,938234,993024
2004,Albania,61,71
2004,Algeria,165,277
2004,Angola,63400,61763
2004,Antigua and Barbuda,0,0
2004,Egypt,19,54
2004,Argentina,7,0
2004,Armenia,170,208
2004,Australia,0,0
2004,Austria,0,0
2004,Azerbaijan,99392,84714
2004,Bahrain,0,0
2004,Barbados,0,0
2004,Burundi,126941,129467
2004,Belgium,0,0
2004,Benin,0,0
2004,Bangladesh,12,51
2004,Bhutan,51379,53536
2004,Burkina Faso,0,15
2004,Belarus,5,5
2004,Bolivia,0,0
2004,Botswana,0,0
2004,Brazil,6,0
2004,Bosnia and Herzegovina,5764,4819
2004,Bulgaria,24,11
2004,Belize,0,0
2004,Cambodia,1624,1585
2004,Canada,0,0
2004,Central African Rep.,15535,14329
2004,Chad,1495,2407
2004,China,320,468
2004,Chile,22,24
2004,Cameroon,78,177
2004,Congo,6814,8228
2004,Dem. Rep. Congo,212631,200671
2004,Comoros,5,10
2004,Colombia,4223,5322
2004,Costa Rica,0,0
2004,Cuba,417,630
2004,Cabo Verde,0,0
2004,Czechia,0,10
2004,Denmark,0,0
2004,Djibouti,25,33
2004,Dominica,0,0
2004,Dominican Rep.,5,0
2004,Ecuador,0,9
2004,Equatorial Guinea,41,65
2004,Eritrea,20314,31488
2004,Estonia,0,0
2004,Ethiopia,12636,17314
2004,Fiji,0,0
2004,France,0,5
2004,Gabon,0,0
2004,Gambia,10,18
2004,Palestinian,95002,178191
2004,United Kingdom of Great Britain and Northern Ireland,0,0
2004,Georgia,138,125
2004,Germany,0,0
2004,Ghana,50,90
2004,Guinea-Bissau,0,24
2004,Greece,0,0
2004,Grenada,0,0
2004,Guatemala,965,1451
2004,Guinea,44,61
2004,Guyana,0,0
2004,Haiti,11,30
2004,"China, Hong Kong SAR",0,0
2004,Honduras,30,37
2004,Croatia,9781,9851
2004,Hungary,20,37
2004,Iceland,0,0
2004,Cote d'Ivoire,3798,4694
2004,India,23,43
2004,Indonesia,6659,16013
2004,Ireland,0,0
2004,Iran (Islamic Rep. of),3239,4153
2004,Iraq,49297,65578
2004,Israel,0,7
2004,Italy,0,0
2004,Jamaica,0,0
2004,Jordan,28,28
2004,Japan,0,0
2004,Kazakhstan,20,88
2004,Kenya,27,37
2004,Kyrgyzstan,0,10
2004,Kiribati,0,0
2004,Rep. of Korea,0,0
2004,Dem. People's Rep. of Korea,0,0
2004,Kuwait,0,0
2004,Laos,643,901
2004,Liberia,154714,150223
2004,Libya,181,240
2004,Saint Lucia,0,0
2004,Lebanon,38,59
2004,Lesotho,0,0
2004,Sri Lanka,1457,1645
2004,Lithuania,0,0
2004,Latvia,0,5
2004,"China, Macao SAR",0,5
2004,Madagascar,0,0
2004,Mauritania,14516,11487
2004,North Macedonia,470,435
2004,Rep. of Moldova,5,7
2004,Mexico,0,0
2004,Mali,13,15
2004,Malaysia,0,0
2004,Malawi,0,7
2004,Mongolia,5,10
2004,Morocco,11,24
2004,Mozambique,0,5
2004,Mauritius,0,0
2004,Myanmar,72410,79719
2004,Namibia,0,5
2004,Nepal,0,0
2004,Netherlands,0,0
2004,Niger,0,0
2004,Nicaragua,421,421
2004,Nigeria,9009,8149
2004,Norway,0,0
2004,Oman,0,0
2004,Pakistan,143,226
2004,Panama,0,0
2004,Paraguay,0,6
2004,Peru,533,687
2004,Philippines,0,5
2004,Papua New Guinea,0,0
2004,Poland,9,17
2004,Portugal,0,7
2004,Qatar,0,0
2004,Romania,45,28
2004,South Africa,5,16
2004,Russia,14327,10935
2004,Rwanda,17212,20090
2004,El Salvador,1288,1453
2004,Saudi Arabia,10,0
2004,Serbia and Kosovo: S/RES/1244 (1999),7853,8150
2004,Senegal,3792,3595
2004,Seychelles,0,0
2004,Singapore,0,0
2004,Sierra Leone,6655,8467
2004,Solomon Islands,0,0
2004,Somalia,119540,134291
2004,Spain,0,0
2004,Vietnam,145410,158042
2004,Sao Tome and Principe,19,17
2004,Sudan,300163,300344
2004,Suriname,0,0
2004,Slovakia,8,0
2004,Slovenia,5,0
2004,Eswatini,0,0
2004,Sweden,0,0
2004,Switzerland,0,0
2004,Syrian Arab Rep.,399,493
2004,United Rep. of Tanzania,5,18
2004,Thailand,0,0
2004,Tajikistan,29334,26906
2004,Turkmenistan,12,10
2004,Timor-Leste,0,0
2004,Togo,990,914
2004,Tonga,0,0
2004,Trinidad and Tobago,0,0
2004,Tunisia,255,433
2004,Türkiye,9134,9956
2004,Tuvalu,0,0
2004,United Arab Emirates,0,0
2004,Uganda,4840,6328
2004,Ukraine,23,27
2004,Uruguay,0,0
2004,United States of America,0,0
2004,Uzbekistan,11,19
2004,Saint Vincent and the Grenadines,0,0
2004,Venezuela,0,9
2004,Western Sahara,76114,80044
2004,Yemen,252,258
2004,Zambia,5,7
2004,Zimbabwe,0,0
2004,Stateless,75,138
2004,Tibetan,9536,10464
2004,Unknown ,67371,85278
2005,Afghanistan,944240,1079842
2005,Albania,596,663
2005,Algeria,539,995
2005,Andorra,0,0
2005,Angola,49437,47580
2005,Antigua and Barbuda,0,0
2005,Egypt,56,106
2005,Argentina,0,0
2005,Armenia,851,844
2005,Australia,0,0
2005,Austria,0,0
2005,Azerbaijan,125670,95024
2005,Bahrain,0,0
2005,Barbados,0,0
2005,Burundi,102406,103845
2005,Belgium,0,0
2005,Benin,9,8
2005,Bangladesh,154,1105
2005,Bhutan,52031,54236
2005,Burkina Faso,6,40
2005,Belarus,146,172
2005,Bolivia,11,14
2005,Brazil,6,0
2005,Brunei Darussalam,0,0
2005,Bosnia and Herzegovina,6470,5848
2005,Bulgaria,46,51
2005,Belize,0,0
2005,Cambodia,8604,8353
2005,Canada,0,0
2005,Central African Rep.,22436,19430
2005,Chad,1249,2087
2005,China,530,767
2005,Chile,53,53
2005,Cameroon,198,468
2005,Congo,5943,6932
2005,Dem. Rep. Congo,180355,176357
2005,Comoros,6,26
2005,Colombia,1076,1335
2005,Costa Rica,0,0
2005,Cuba,454,732
2005,Cyprus,0,0
2005,Czechia,19,27
2005,Denmark,0,0
2005,Djibouti,50,59
2005,Dominica,0,0
2005,Dominican Rep.,5,0
2005,Ecuador,22,24
2005,Equatorial Guinea,37,49
2005,Eritrea,3564,8729
2005,Estonia,6,5
2005,Ethiopia,6580,11937
2005,Fiji,0,0
2005,Finland,0,0
2005,France,0,5
2005,Gabon,0,6
2005,Gambia,22,50
2005,Palestinian,11936,12717
2005,United Kingdom of Great Britain and Northern Ireland,0,0
2005,Georgia,929,878
2005,Germany,9,0
2005,Ghana,291,447
2005,Guinea-Bissau,234,635
2005,Greece,0,0
2005,Grenada,0,0
2005,Guatemala,484,779
2005,Guinea,320,685
2005,Guyana,0,0
2005,Haiti,984,1325
2005,Honduras,24,35
2005,Croatia,3821,3782
2005,Hungary,35,64
2005,Iceland,0,0
2005,Cote d'Ivoire,6111,8021
2005,India,52,225
2005,Indonesia,5222,16435
2005,Ireland,0,0
2005,Iran (Islamic Rep. of),5810,7351
2005,Iraq,38484,50131
2005,Israel,0,6
2005,Italy,5,0
2005,Jamaica,0,0
2005,Jordan,33,31
2005,Japan,0,0
2005,Kazakhstan,177,216
2005,Kenya,30,37
2005,Kyrgyzstan,52,55
2005,Kiribati,0,0
2005,Rep. of Korea,0,0
2005,Dem. People's Rep. of Korea,0,0
2005,Kuwait,0,0
2005,Laos,4428,4911
2005,Liberia,104736,96018
2005,Libya,181,247
2005,Saint Lucia,0,0
2005,Lebanon,59,117
2005,Sri Lanka,7065,11313
2005,Lithuania,0,12
2005,Latvia,27,24
2005,"China, Macao SAR",0,0
2005,Madagascar,81,91
2005,Mauritania,15043,14644
2005,North Macedonia,467,465
2005,Rep. of Moldova,157,149
2005,Maldives,0,5
2005,Mexico,0,0
2005,Mali,56,115
2005,Malaysia,0,0
2005,Malawi,0,0
2005,Mongolia,77,59
2005,Morocco,40,80
2005,Mozambique,5,13
2005,Mauritius,0,5
2005,Myanmar,73291,80341
2005,Namibia,305,870
2005,Nepal,10,81
2005,Netherlands,0,0
2005,Niger,16,17
2005,Nicaragua,324,318
2005,Nigeria,5405,5136
2005,Norway,0,0
2005,New Zealand,0,0
2005,Oman,0,0
2005,Pakistan,211,463
2005,Panama,0,0
2005,Paraguay,0,0
2005,Peru,645,837
2005,Philippines,0,5
2005,Papua New Guinea,0,0
2005,Poland,110,94
2005,Portugal,0,6
2005,Qatar,0,0
2005,Romania,85,78
2005,South Africa,10,15
2005,Russia,5780,5530
2005,Rwanda,19533,21312
2005,El Salvador,1243,1527
2005,Saudi Arabia,5,0
2005,Serbia and Kosovo: S/RES/1244 (1999),10860,11815
2005,Senegal,3831,3692
2005,Seychelles,0,0
2005,Singapore,0,0
2005,Sierra Leone,6085,7412
2005,Solomon Islands,0,0
2005,Somalia,120139,144144
2005,Spain,0,0
2005,Vietnam,150269,164931
2005,Saint Kitts and Nevis,0,0
2005,Sao Tome and Principe,9,14
2005,Sudan,311693,302264
2005,Suriname,0,0
2005,Slovakia,54,47
2005,Slovenia,0,0
2005,Eswatini,0,0
2005,Sweden,0,0
2005,Switzerland,0,0
2005,Syrian Arab Rep.,560,802
2005,United Rep. of Tanzania,5,5
2005,Thailand,39,48
2005,Tajikistan,27943,24817
2005,Turkmenistan,0,5
2005,Timor-Leste,0,0
2005,Togo,20001,21572
2005,Trinidad and Tobago,0,0
2005,Tunisia,311,694
2005,Türkiye,10179,14941
2005,United Arab Emirates,0,0
2005,Uganda,2392,2755
2005,Ukraine,379,330
2005,Uruguay,0,0
2005,United States of America,0,0
2005,Uzbekistan,209,453
2005,Saint Vincent and the Grenadines,0,0
2005,Venezuela,8,9
2005,Western Sahara,44074,46576
2005,Yemen,197,209
2005,Zambia,0,0
2005,Zimbabwe,32,69
2005,Stateless,51,107
2005,Tibetan,9610,10543
2005,Unknown ,2072,2821
2006,Afghanistan,894681,1081191
2006,Albania,703,812
2006,Algeria,597,1061
2006,Andorra,0,0
2006,Angola,78518,71662
2006,Antigua and Barbuda,0,0
2006,Egypt,72,118
2006,Argentina,5,6
2006,Armenia,961,981
2006,Australia,0,0
2006,Austria,0,0
2006,Azerbaijan,58546,56229
2006,Bahrain,0,0
2006,Barbados,0,0
2006,Burundi,169156,198010
2006,Belgium,0,0
2006,Benin,6,9
2006,Bangladesh,180,1185
2006,Bahamas,0,0
2006,Bhutan,52768,55055
2006,Burkina Faso,14,34
2006,Belarus,247,302
2006,Bolivia,18,26
2006,Botswana,0,0
2006,Brazil,0,12
2006,Bosnia and Herzegovina,23624,20437
2006,Bulgaria,63,78
2006,Belize,0,0
2006,Cambodia,8485,8221
2006,Canada,0,0
2006,Central African Rep.,36031,32760
2006,Chad,16724,18686
2006,China,752,1092
2006,Chile,98,119
2006,Cameroon,239,519
2006,Congo,5743,6462
2006,Dem. Rep. Congo,179894,167145
2006,Comoros,9,29
2006,Colombia,1939,2213
2006,Costa Rica,0,5
2006,Cuba,507,855
2006,Cabo Verde,0,0
2006,Cyprus,0,0
2006,Czechia,17,32
2006,Denmark,0,0
2006,Djibouti,95,112
2006,Dominica,0,0
2006,Dominican Rep.,0,0
2006,Ecuador,33,29
2006,Equatorial Guinea,49,64
2006,Eritrea,83852,88843
2006,Estonia,5,10
2006,Ethiopia,12855,18879
2006,Fiji,0,0
2006,Finland,0,0
2006,France,0,0
2006,Gabon,5,12
2006,Gambia,17,58
2006,Palestinian,41689,46332
2006,United Kingdom of Great Britain and Northern Ireland,0,0
2006,Georgia,1063,977
2006,Germany,10,5
2006,Ghana,282,452
2006,Guinea-Bissau,252,622
2006,Greece,0,0
2006,Grenada,0,0
2006,Guatemala,484,782
2006,Guinea,562,950
2006,Guyana,0,0
2006,Haiti,1162,1646
2006,"China, Hong Kong SAR",0,0
2006,Honduras,24,35
2006,Croatia,40598,39870
2006,Hungary,32,136
2006,Iceland,0,0
2006,Cote d'Ivoire,9689,11872
2006,India,54,235
2006,Indonesia,4706,13150
2006,Ireland,0,0
2006,Iran (Islamic Rep. of),8212,9877
2006,Iraq,45246,62245
2006,Israel,10,0
2006,Italy,5,0
2006,Jamaica,0,0
2006,Jordan,34,37
2006,Japan,0,0
2006,Kazakhstan,209,243
2006,Kenya,41,43
2006,Kyrgyzstan,82,84
2006,Kiribati,0,0
2006,Rep. of Korea,0,6
2006,Dem. People's Rep. of Korea,0,6
2006,Kuwait,0,9
2006,Laos,4474,5024
2006,Liberia,61524,57418
2006,Libya,168,241
2006,Saint Lucia,0,0
2006,Lebanon,63,149
2006,Lesotho,0,0
2006,Sri Lanka,40863,46997
2006,Lithuania,11,23
2006,Latvia,42,32
2006,"China, Macao SAR",0,0
2006,Madagascar,97,107
2006,Mauritania,15071,14754
2006,North Macedonia,363,406
2006,Rep. of Moldova,188,179
2006,Maldives,0,5
2006,Mexico,0,5
2006,Mali,77,131
2006,Malaysia,0,0
2006,Malawi,0,0
2006,Mongolia,126,94
2006,Morocco,40,96
2006,Mozambique,5,13
2006,Malta,0,0
2006,Montenegro,0,0
2006,Mauritius,0,5
2006,Myanmar,85930,96427
2006,Namibia,0,0
2006,Nepal,36,127
2006,Netherlands,0,0
2006,Niger,17,33
2006,Nicaragua,296,297
2006,Nigeria,1949,1948
2006,New Zealand,0,0
2006,Oman,0,0
2006,Pakistan,321,639
2006,Panama,0,0
2006,Paraguay,0,7
2006,Peru,628,779
2006,Philippines,0,5
2006,Papua New Guinea,0,0
2006,Poland,295,346
2006,Portugal,0,6
2006,Qatar,0,0
2006,Romania,152,156
2006,South Africa,5,23
2006,Russia,9817,9870
2006,Rwanda,19082,20525
2006,El Salvador,1162,1470
2006,Saudi Arabia,0,0
2006,Serbia and Kosovo: S/RES/1244 (1999),11318,12400
2006,Senegal,7785,6830
2006,Seychelles,0,0
2006,Singapore,0,0
2006,Sierra Leone,9329,10459
2006,Solomon Islands,0,0
2006,Somalia,135221,168587
2006,Spain,0,5
2006,Vietnam,6097,7942
2006,Sao Tome and Principe,14,16
2006,Sudan,287230,275522
2006,Suriname,0,0
2006,Slovakia,54,48
2006,Slovenia,0,0
2006,Eswatini,0,0
2006,Sweden,0,0
2006,Switzerland,0,0
2006,Syrian Arab Rep.,649,1008
2006,United Rep. of Tanzania,5,22
2006,Thailand,52,70
2006,Tajikistan,45,26
2006,Turkmenistan,5,13
2006,Timor-Leste,0,0
2006,Togo,8922,10201
2006,Tonga,0,0
2006,Trinidad and Tobago,0,0
2006,Tunisia,345,722
2006,Türkiye,13916,19090
2006,Tuvalu,0,0
2006,United Arab Emirates,0,0
2006,Uganda,8558,8375
2006,Ukraine,458,396
2006,Uruguay,5,0
2006,United States of America,0,0
2006,Uzbekistan,246,252
2006,Saint Vincent and the Grenadines,0,0
2006,Venezuela,7,7
2006,Western Sahara,0,611
2006,Yemen,190,226
2006,Zambia,0,0
2006,Zimbabwe,10,8
2006,Stateless,53,106
2006,Tibetan,9615,10554
2006,Unknown ,2655,3146
2007,Afghanistan,814216,993961
2007,Albania,727,825
2007,Algeria,599,1076
2007,Andorra,0,0
2007,Angola,17769,16774
2007,Antigua and Barbuda,0,0
2007,Egypt,75,120
2007,Argentina,10,6
2007,Armenia,1096,1084
2007,Australia,0,0
2007,Austria,0,0
2007,Azerbaijan,2981,2620
2007,Bahrain,0,0
2007,Barbados,0,0
2007,Burundi,176149,170562
2007,Belgium,0,0
2007,Benin,18,12
2007,Bangladesh,201,1372
2007,Bahamas,0,0
2007,Bhutan,53120,54718
2007,Burkina Faso,24,42
2007,Belarus,255,332
2007,Bolivia,28,27
2007,Botswana,0,0
2007,Brazil,9,5
2007,Bosnia and Herzegovina,23457,20256
2007,Bulgaria,78,90
2007,Belize,0,0
2007,Cambodia,8379,8094
2007,Canada,0,0
2007,Central African Rep.,26520,25089
2007,Chad,26278,28253
2007,China,903,1327
2007,Chile,107,115
2007,Cameroon,279,585
2007,Congo,5449,6054
2007,Dem. Rep. Congo,157766,150775
2007,Comoros,11,44
2007,Colombia,12905,15961
2007,Costa Rica,0,5
2007,Cuba,824,1346
2007,Cabo Verde,0,0
2007,Cyprus,5,0
2007,Czechia,11,21
2007,Denmark,0,0
2007,Djibouti,81,107
2007,Dominica,0,0
2007,Dominican Rep.,5,6
2007,Ecuador,33,51
2007,Equatorial Guinea,58,60
2007,Eritrea,86744,97395
2007,Estonia,5,10
2007,Ethiopia,14372,20570
2007,Fiji,0,0
2007,Finland,0,0
2007,France,0,0
2007,Gabon,5,16
2007,Gambia,22,55
2007,Palestinian,42502,46827
2007,United Kingdom of Great Britain and Northern Ireland,0,0
2007,Georgia,1110,1006
2007,Germany,11,5
2007,Ghana,251,428
2007,Guinea-Bissau,256,624
2007,Greece,0,0
2007,Grenada,0,0
2007,Guatemala,142,190
2007,Guinea,895,1204
2007,Guyana,0,0
2007,Haiti,1346,1855
2007,"China, Hong Kong SAR",0,0
2007,Honduras,33,76
2007,Croatia,40329,39524
2007,Hungary,29,134
2007,Iceland,0,0
2007,Cote d'Ivoire,7014,9452
2007,India,17,280
2007,Indonesia,1809,2584
2007,Ireland,0,0
2007,Iran (Islamic Rep. of),7672,9474
2007,Iraq,980183,1114486
2007,Israel,16,7
2007,Italy,0,0
2007,Jamaica,0,0
2007,Jordan,23,44
2007,Japan,0,0
2007,Kazakhstan,213,248
2007,Kenya,1445,1297
2007,Kyrgyzstan,81,97
2007,Kiribati,0,0
2007,Rep. of Korea,0,0
2007,Dem. People's Rep. of Korea,0,11
2007,Kuwait,0,9
2007,Laos,4446,5060
2007,Liberia,42418,39859
2007,Libya,134,208
2007,Saint Lucia,0,0
2007,Lebanon,62,146
2007,Lesotho,0,0
2007,Sri Lanka,43040,49363
2007,Lithuania,11,25
2007,Latvia,37,25
2007,"China, Macao SAR",0,0
2007,Madagascar,106,121
2007,Mauritania,15045,14727
2007,North Macedonia,374,409
2007,Rep. of Moldova,190,192
2007,Maldives,0,5
2007,Mexico,0,7
2007,Mali,254,170
2007,Malaysia,0,0
2007,Malawi,0,0
2007,Mongolia,135,93
2007,Morocco,51,101
2007,Mozambique,5,17
2007,Malta,0,0
2007,Montenegro,5,0
2007,Mauritius,0,5
2007,Myanmar,85204,98743
2007,Namibia,269,823
2007,Nepal,40,99
2007,Netherlands,0,0
2007,Niger,19,36
2007,Nicaragua,554,634
2007,Nigeria,1917,1960
2007,New Zealand,0,0
2007,Oman,0,0
2007,Pakistan,334,660
2007,Panama,8,10
2007,Paraguay,0,7
2007,Peru,858,1062
2007,Philippines,0,5
2007,Papua New Guinea,0,0
2007,Poland,271,313
2007,Portugal,0,7
2007,Qatar,0,0
2007,Romania,156,162
2007,South Africa,15,19
2007,Russia,9863,9864
2007,Rwanda,19390,21075
2007,El Salvador,753,1005
2007,Saudi Arabia,0,0
2007,Serbia and Kosovo: S/RES/1244 (1999),6998,12448
2007,Senegal,8046,7216
2007,Seychelles,0,0
2007,Singapore,0,0
2007,Sierra Leone,9406,10538
2007,Solomon Islands,0,0
2007,Somalia,158778,201671
2007,Spain,0,7
2007,Vietnam,5257,6596
2007,Sao Tome and Principe,14,18
2007,Sudan,122143,134448
2007,Suriname,0,0
2007,Slovakia,53,53
2007,Slovenia,0,0
2007,Eswatini,0,0
2007,Sweden,0,0
2007,Switzerland,0,0
2007,Syrian Arab Rep.,632,955
2007,United Rep. of Tanzania,5,15
2007,Thailand,59,63
2007,Tajikistan,36,26
2007,Turkmenistan,11,13
2007,Timor-Leste,0,0
2007,Togo,7059,7712
2007,Trinidad and Tobago,0,0
2007,Tunisia,336,691
2007,Türkiye,13264,18396
2007,United Arab Emirates,0,0
2007,Uganda,1205,1821
2007,Ukraine,450,394
2007,Uruguay,5,0
2007,United States of America,0,0
2007,Uzbekistan,327,278
2007,Saint Vincent and the Grenadines,0,0
2007,Venezuela,60,90
2007,Western Sahara,8,586
2007,Yemen,186,211
2007,Zambia,0,0
2007,Zimbabwe,16,16
2007,Stateless,68,135
2007,Tibetan,9615,10555
2007,Unknown ,2117,2698
2008,Afghanistan,791508,925158
2008,Albania,767,872
2008,Algeria,619,1020
2008,Andorra,0,0
2008,Angola,16696,17963
2008,Antigua and Barbuda,0,0
2008,Egypt,74,136
2008,Argentina,10,6
2008,Armenia,1273,1278
2008,Australia,0,0
2008,Austria,0,5
2008,Azerbaijan,2742,2426
2008,Bahrain,0,0
2008,Barbados,0,0
2008,Burundi,128575,124449
2008,Belgium,0,0
2008,Benin,17,25
2008,Bangladesh,219,1591
2008,Bahamas,0,0
2008,Bhutan,50209,51914
2008,Burkina Faso,18,56
2008,Belarus,252,331
2008,Bolivia,31,27
2008,Botswana,0,0
2008,Brazil,9,5
2008,Bosnia and Herzegovina,22878,19819
2008,Bulgaria,80,89
2008,Belize,0,0
2008,Cambodia,8200,7979
2008,Canada,0,0
2008,Central African Rep.,60738,54456
2008,Chad,26321,27476
2008,China,992,1444
2008,Chile,80,89
2008,Cameroon,1473,1308
2008,Congo,5587,6112
2008,Dem. Rep. Congo,149818,142148
2008,Comoros,82,257
2008,Colombia,14742,17744
2008,Costa Rica,0,0
2008,Cuba,768,1229
2008,Cabo Verde,0,0
2008,Cyprus,0,5
2008,Czechia,23,36
2008,Denmark,0,0
2008,Djibouti,84,102
2008,Dominica,0,0
2008,Dominican Rep.,5,6
2008,Ecuador,21,39
2008,Equatorial Guinea,52,65
2008,Eritrea,70716,81746
2008,Estonia,5,10
2008,Ethiopia,16527,21706
2008,Fiji,0,0
2008,France,0,0
2008,Gabon,11,15
2008,Gambia,26,48
2008,Palestinian,41548,46313
2008,United Kingdom of Great Britain and Northern Ireland,0,0
2008,Georgia,1153,1028
2008,Germany,11,5
2008,Ghana,4903,3881
2008,Guinea-Bissau,255,617
2008,Greece,0,0
2008,Grenada,0,0
2008,Guatemala,121,201
2008,Guinea,1233,1512
2008,Guyana,0,0
2008,Haiti,1411,1969
2008,"China, Hong Kong SAR",0,0
2008,Honduras,32,24
2008,Croatia,39940,39143
2008,Hungary,45,161
2008,Iceland,0,0
2008,Cote d'Ivoire,6772,9183
2008,India,51,210
2008,Indonesia,1208,1303
2008,Ireland,0,0
2008,Iran (Islamic Rep. of),7568,9377
2008,Iraq,834226,852565
2008,Israel,12,9
2008,Italy,0,0
2008,Jamaica,0,0
2008,Jordan,100,42
2008,Japan,0,0
2008,Kazakhstan,208,157
2008,Kenya,2363,2253
2008,Kyrgyzstan,87,96
2008,Kiribati,0,0
2008,Rep. of Korea,0,0
2008,Dem. People's Rep. of Korea,0,21
2008,Kuwait,6,14
2008,Laos,3888,4235
2008,Liberia,34088,32481
2008,Libya,123,207
2008,Saint Lucia,0,0
2008,Lebanon,78,165
2008,Lesotho,0,0
2008,Sri Lanka,43838,51891
2008,Lithuania,9,24
2008,Latvia,36,24
2008,"China, Macao SAR",0,0
2008,Madagascar,104,122
2008,Mauritania,21263,21415
2008,North Macedonia,180,201
2008,Rep. of Moldova,199,189
2008,Maldives,0,5
2008,Mexico,0,12
2008,Mali,652,419
2008,Malaysia,0,5
2008,Malawi,0,0
2008,Mongolia,149,112
2008,Morocco,54,101
2008,Mozambique,5,17
2008,Malta,0,0
2008,Montenegro,19,14
2008,Mauritius,0,0
2008,Myanmar,82892,93804
2008,Namibia,261,676
2008,Nepal,31,110
2008,Netherlands,0,0
2008,Niger,30,47
2008,Nicaragua,424,551
2008,Nigeria,1929,1940
2008,New Zealand,0,0
2008,Oman,0,0
2008,Pakistan,358,651
2008,Panama,8,10
2008,Paraguay,0,7
2008,Peru,551,665
2008,Philippines,0,0
2008,Papua New Guinea,0,0
2008,Poland,247,292
2008,Portugal,5,0
2008,Qatar,0,0
2008,Romania,149,162
2008,South Africa,11,18
2008,Russia,9416,9698
2008,Rwanda,19550,21513
2008,El Salvador,409,525
2008,Saudi Arabia,5,0
2008,Serbia and Kosovo: S/RES/1244 (1999),16811,18241
2008,Senegal,8069,7183
2008,Seychelles,0,0
2008,Singapore,0,0
2008,Sierra Leone,9572,10848
2008,Solomon Islands,0,0
2008,Somalia,204806,259227
2008,Spain,0,5
2008,Vietnam,5140,6328
2008,Sao Tome and Principe,14,18
2008,Sudan,193179,169472
2008,Suriname,0,0
2008,Slovakia,57,51
2008,Slovenia,0,0
2008,Eswatini,0,0
2008,Sweden,0,0
2008,Switzerland,0,0
2008,Syrian Arab Rep.,691,1140
2008,United Rep. of Tanzania,5,15
2008,Thailand,60,62
2008,Tajikistan,27,36
2008,Turkmenistan,15,20
2008,Timor-Leste,0,0
2008,Togo,3787,5047
2008,Tonga,0,0
2008,Trinidad and Tobago,0,0
2008,Tunisia,313,693
2008,Türkiye,13271,18741
2008,United Arab Emirates,0,0
2008,Uganda,1224,1918
2008,Ukraine,444,386
2008,Uruguay,0,0
2008,United States of America,0,0
2008,Uzbekistan,309,290
2008,Saint Vincent and the Grenadines,0,0
2008,Venezuela,82,118
2008,Samoa,0,0
2008,Western Sahara,8,520
2008,Yemen,204,240
2008,Zambia,0,0
2008,Zimbabwe,359,483
2008,Stateless,82,120
2008,Tibetan,10005,10012
2008,Unknown ,9175,10526
2009,Afghanistan,842135,987560
2009,Albania,1018,1576
2009,Algeria,811,1854
2009,Andorra,0,0
2009,Angola,60695,55164
2009,Antigua and Barbuda,0,0
2009,Egypt,193,733
2009,Argentina,21,26
2009,Armenia,2036,2026
2009,Australia,12,11
2009,Austria,5,5
2009,Azerbaijan,4629,4457
2009,Bahrain,7,11
2009,Barbados,0,0
2009,Burundi,33802,39080
2009,Belgium,0,0
2009,Benin,63,145
2009,Bangladesh,176,888
2009,Bahamas,0,0
2009,Bhutan,42279,43732
2009,Burkina Faso,66,165
2009,Belarus,972,887
2009,Bolivia,72,102
2009,Botswana,0,0
2009,Brazil,113,56
2009,Bosnia and Herzegovina,31505,28006
2009,Bulgaria,125,123
2009,Belize,0,0
2009,Cambodia,1545,1569
2009,Canada,25,27
2009,Central African Rep.,79598,68872
2009,Chad,9011,10415
2009,China,2282,3286
2009,Chile,229,312
2009,Cameroon,1930,1699
2009,Congo,4754,5389
2009,Dem. Rep. Congo,161459,155325
2009,Comoros,0,5
2009,Colombia,27647,31332
2009,Costa Rica,0,8
2009,Cuba,885,1442
2009,Cabo Verde,0,5
2009,Cyprus,5,0
2009,Czechia,68,121
2009,Denmark,0,0
2009,Djibouti,59,75
2009,Dominica,0,0
2009,Dominican Rep.,30,27
2009,Ecuador,79,78
2009,Equatorial Guinea,41,53
2009,Eritrea,62546,76890
2009,Estonia,48,36
2009,Ethiopia,17410,21084
2009,Fiji,0,0
2009,Finland,0,0
2009,France,0,0
2009,Gabon,16,5
2009,Gambia,65,439
2009,Palestinian,41512,46170
2009,United Kingdom of Great Britain and Northern Ireland,5,0
2009,Georgia,1162,1011
2009,Germany,5,0
2009,Ghana,6539,5915
2009,Guinea-Bissau,20,71
2009,Greece,0,6
2009,Grenada,0,0
2009,Guatemala,120,218
2009,Guinea,725,743
2009,Guyana,0,0
2009,Haiti,149,198
2009,"China, Hong Kong SAR",0,0
2009,Honduras,56,66
2009,Croatia,37944,37499
2009,Hungary,48,216
2009,Iceland,0,0
2009,Cote d'Ivoire,6467,8518
2009,India,307,2623
2009,Indonesia,649,681
2009,Ireland,0,0
2009,Iran (Islamic Rep. of),15755,21082
2009,Iraq,782302,852019
2009,Israel,199,172
2009,Italy,10,5
2009,Jamaica,8,8
2009,Jordan,249,589
2009,Japan,59,62
2009,Kazakhstan,944,758
2009,Kenya,2470,2244
2009,Kyrgyzstan,750,652
2009,Kiribati,0,0
2009,Rep. of Korea,110,116
2009,Dem. People's Rep. of Korea,78,103
2009,Kuwait,65,108
2009,Laos,268,361
2009,Liberia,32430,31343
2009,Libya,326,568
2009,Saint Lucia,0,0
2009,Lebanon,5733,7396
2009,Lesotho,0,0
2009,Sri Lanka,41911,49047
2009,Lithuania,115,111
2009,Latvia,259,219
2009,"China, Macao SAR",0,0
2009,Madagascar,14,6
2009,Mauritania,16032,16082
2009,North Macedonia,2588,3674
2009,Rep. of Moldova,2161,1901
2009,Maldives,0,5
2009,Mexico,16,23
2009,Mali,31,67
2009,Malaysia,14,18
2009,Malawi,0,0
2009,Mongolia,131,91
2009,Morocco,432,1162
2009,Mozambique,31,71
2009,Malta,0,0
2009,Montenegro,1123,1325
2009,Mauritius,0,0
2009,Myanmar,88017,111318
2009,Namibia,249,642
2009,Nepal,113,318
2009,Netherlands,7,0
2009,Niger,69,163
2009,Nicaragua,419,555
2009,Nigeria,2374,3522
2009,New Zealand,0,9
2009,Oman,17,25
2009,Pakistan,2784,5153
2009,Panama,13,10
2009,Paraguay,7,7
2009,Peru,549,626
2009,Philippines,142,74
2009,Papua New Guinea,0,0
2009,Poland,494,571
2009,Portugal,5,5
2009,Qatar,17,38
2009,Romania,411,372
2009,South Africa,25,41
2009,Russia,25555,22464
2009,Rwanda,19039,21214
2009,El Salvador,328,522
2009,Saudi Arabia,148,221
2009,Serbia and Kosovo: S/RES/1244 (1999),67809,81414
2009,Senegal,8167,7108
2009,Seychelles,0,0
2009,Singapore,9,0
2009,Sierra Leone,1922,2554
2009,Solomon Islands,0,0
2009,Somalia,256775,319510
2009,Spain,0,10
2009,Vietnam,12532,15255
2009,Sao Tome and Principe,14,18
2009,Sudan,174521,145148
2009,Suriname,0,0
2009,Slovakia,21,16
2009,Slovenia,7,8
2009,Eswatini,0,0
2009,Sweden,0,0
2009,Switzerland,5,0
2009,Syrian Arab Rep.,5354,6839
2009,United Rep. of Tanzania,26,45
2009,Thailand,195,164
2009,Tajikistan,76,85
2009,Turkmenistan,115,118
2009,Timor-Leste,0,0
2009,Togo,5459,7635
2009,Tonga,0,0
2009,Trinidad and Tobago,0,0
2009,Tunisia,402,1019
2009,Türkiye,45388,71225
2009,United Arab Emirates,157,200
2009,Uganda,1462,1896
2009,Ukraine,9370,9187
2009,Uruguay,5,5
2009,United States of America,149,159
2009,Uzbekistan,1230,1173
2009,Saint Vincent and the Grenadines,0,0
2009,Venezuela,117,148
2009,Western Sahara,8,450
2009,Yemen,370,490
2009,Zambia,5,7
2009,Zimbabwe,423,550
2009,Stateless,2140,3123
2009,Tibetan,10005,10010
2009,Unknown ,8295,11256
2010,Afghanistan,906553,1044439
2010,Albania,1747,2373
2010,Algeria,1280,2529
2010,Andorra,0,0
2010,Angola,61060,60395
2010,Antigua and Barbuda,0,0
2010,Egypt,297,856
2010,Argentina,24,24
2010,Armenia,3704,3673
2010,Australia,19,14
2010,Austria,0,5
2010,Azerbaijan,5796,5450
2010,Bahrain,15,22
2010,Barbados,0,0
2010,Burundi,34707,35527
2010,Belgium,6,0
2010,Benin,74,162
2010,Bangladesh,439,2914
2010,Bahamas,0,0
2010,Bhutan,35470,36919
2010,Burkina Faso,103,212
2010,Belarus,1235,1201
2010,Bolivia,95,113
2010,Botswana,5,0
2010,Brazil,107,51
2010,Bosnia and Herzegovina,30157,27513
2010,Bulgaria,160,170
2010,Belize,0,0
2010,Cambodia,7865,7746
2010,Canada,23,23
2010,Central African Rep.,84523,72886
2010,Chad,9210,11138
2010,China,2881,3995
2010,Chile,227,304
2010,Cameroon,2216,2215
2010,Congo,6285,7050
2010,Dem. Rep. Congo,228183,217066
2010,Comoros,100,235
2010,Colombia,31752,35860
2010,Costa Rica,0,9
2010,Cuba,969,1544
2010,Cabo Verde,0,5
2010,Cyprus,5,0
2010,Czechia,73,123
2010,Denmark,0,0
2010,Djibouti,111,123
2010,Dominica,0,0
2010,Dominican Rep.,36,29
2010,Ecuador,84,88
2010,Equatorial Guinea,54,69
2010,Eritrea,76913,92212
2010,Estonia,49,40
2010,Ethiopia,20497,24329
2010,Fiji,0,0
2010,Finland,0,0
2010,France,11,0
2010,Gabon,20,27
2010,Gambia,119,477
2010,Palestinian,40379,44952
2010,United Kingdom of Great Britain and Northern Ireland,9,0
2010,Georgia,2361,2137
2010,Germany,5,0
2010,Ghana,9282,9272
2010,Guinea-Bissau,296,691
2010,Greece,0,0
2010,Grenada,0,0
2010,Guatemala,133,214
2010,Guinea,2438,2562
2010,Guyana,0,0
2010,Haiti,1952,2477
2010,"China, Hong Kong SAR",0,0
2010,Honduras,50,76
2010,Croatia,33080,32073
2010,Hungary,72,236
2010,Iceland,0,0
2010,Cote d'Ivoire,17324,17709
2010,India,350,2689
2010,Indonesia,649,685
2010,Ireland,0,0
2010,Iran (Islamic Rep. of),14397,20449
2010,Iraq,725453,813251
2010,Israel,191,169
2010,Italy,10,6
2010,Jamaica,15,7
2010,Jordan,311,645
2010,Japan,63,60
2010,Kazakhstan,1156,919
2010,Kenya,2221,1980
2010,Kyrgyzstan,862,753
2010,Kiribati,0,0
2010,Rep. of Korea,110,108
2010,Dem. People's Rep. of Korea,81,97
2010,Kuwait,74,118
2010,Laos,3846,4243
2010,Liberia,32227,31082
2010,Libya,338,606
2010,Saint Lucia,0,0
2010,Lebanon,5539,7272
2010,Lesotho,0,0
2010,Sri Lanka,48201,62234
2010,Lithuania,133,120
2010,Latvia,259,213
2010,"China, Macao SAR",0,0
2010,Madagascar,117,109
2010,Mauritania,16190,19064
2010,North Macedonia,2737,3779
2010,Rep. of Moldova,2473,2153
2010,Maldives,0,5
2010,Mexico,18,26
2010,Mali,1925,789
2010,Malaysia,14,21
2010,Malawi,0,0
2010,Mongolia,305,207
2010,Morocco,470,1221
2010,Mozambique,30,72
2010,Malta,0,0
2010,Montenegro,1477,1644
2010,Mauritius,0,0
2010,Myanmar,75568,107365
2010,Namibia,5,5
2010,Nepal,121,362
2010,Netherlands,9,0
2010,Niger,81,209
2010,Nicaragua,414,533
2010,Nigeria,2755,3856
2010,New Zealand,5,6
2010,Oman,15,27
2010,Pakistan,2897,5407
2010,Panama,8,10
2010,Paraguay,7,7
2010,Peru,526,793
2010,Philippines,152,76
2010,Papua New Guinea,0,0
2010,Poland,478,566
2010,Portugal,5,5
2010,Qatar,40,57
2010,Romania,424,412
2010,South Africa,23,39
2010,Russia,29153,25690
2010,Rwanda,49675,56369
2010,El Salvador,288,395
2010,Saudi Arabia,151,218
2010,Serbia and Kosovo: S/RES/1244 (1999),68584,82642
2010,Senegal,8205,7291
2010,Seychelles,0,0
2010,Singapore,8,0
2010,Sierra Leone,783,1532
2010,Solomon Islands,0,0
2010,Somalia,309776,357075
2010,Spain,13,5
2010,Vietnam,160123,176747
2010,Saint Kitts and Nevis,0,0
2010,Sao Tome and Principe,14,18
2010,Sudan,191654,160263
2010,Suriname,0,0
2010,Slovakia,18,13
2010,Slovenia,7,7
2010,Eswatini,0,0
2010,Sweden,0,5
2010,Switzerland,5,0
2010,Syrian Arab Rep.,5534,6903
2010,United Rep. of Tanzania,32,59
2010,Thailand,120,90
2010,Tajikistan,83,110
2010,Turkmenistan,118,118
2010,Timor-Leste,0,0
2010,Togo,5723,8001
2010,Tonga,0,0
2010,Trinidad and Tobago,0,0
2010,Tunisia,449,1199
2010,Türkiye,49508,80139
2010,United Arab Emirates,172,195
2010,Uganda,1072,1239
2010,Ukraine,10285,9970
2010,Uruguay,5,10
2010,United States of America,176,172
2010,Uzbekistan,1355,1263
2010,Saint Vincent and the Grenadines,0,0
2010,Venezuela,127,163
2010,Western Sahara,7,404
2010,Yemen,401,557
2010,Zambia,7,7
2010,Zimbabwe,76,89
2010,Stateless,2164,3199
2010,Tibetan,0,16
2010,Unknown ,8737,11782
2011,Afghanistan,827195,929517
2011,Albania,1849,2530
2011,Algeria,1283,2499
2011,Andorra,0,0
2011,Angola,58801,58087
2011,Antigua and Barbuda,6,6
2011,Egypt,405,955
2011,Argentina,32,26
2011,Armenia,3803,3841
2011,Australia,20,13
2011,Austria,0,5
2011,Azerbaijan,5637,5297
2011,Bahrain,11,20
2011,Barbados,20,17
2011,Burundi,44181,46743
2011,Belgium,0,6
2011,Benin,95,167
2011,Bangladesh,501,3124
2011,Bahamas,5,5
2011,Bhutan,26940,28229
2011,Burkina Faso,115,211
2011,Belarus,1275,1228
2011,Bolivia,98,136
2011,Botswana,59,15
2011,Brazil,127,59
2011,Bosnia and Herzegovina,27294,25153
2011,Bulgaria,165,193
2011,Belize,0,0
2011,Cambodia,7251,7282
2011,Canada,21,27
2011,Central African Rep.,85280,74597
2011,Chad,8145,9207
2011,China,4196,5602
2011,Chile,280,329
2011,Cameroon,2379,2394
2011,Congo,2754,3147
2011,Dem. Rep. Congo,232784,219444
2011,Comoros,122,235
2011,Colombia,20056,23215
2011,Costa Rica,13,8
2011,Cuba,1155,1810
2011,Cabo Verde,0,5
2011,Cyprus,5,0
2011,Czechia,115,166
2011,Denmark,0,0
2011,Djibouti,192,181
2011,Dominica,0,0
2011,Dominican Rep.,38,38
2011,Ecuador,118,144
2011,Equatorial Guinea,39,59
2011,Eritrea,80574,100352
2011,Estonia,50,42
2011,Ethiopia,20016,23029
2011,Fiji,8,17
2011,Finland,0,0
2011,France,7,9
2011,Gabon,32,26
2011,Gambia,159,481
2011,Palestinian,40686,45402
2011,United Kingdom of Great Britain and Northern Ireland,10,12
2011,Georgia,2415,2255
2011,Germany,15,5
2011,Ghana,9311,9397
2011,Guinea-Bissau,304,696
2011,Greece,5,5
2011,Grenada,23,0
2011,Guatemala,256,348
2011,Guinea,3161,3007
2011,Guyana,43,22
2011,Haiti,4104,4109
2011,"China, Hong Kong SAR",0,0
2011,Honduras,166,186
2011,Croatia,31095,30064
2011,Hungary,166,325
2011,Cote d'Ivoire,74878,71732
2011,India,568,2923
2011,Indonesia,683,702
2011,Ireland,0,0
2011,Iran (Islamic Rep. of),15462,21922
2011,Iraq,645236,645980
2011,Israel,224,209
2011,Italy,5,9
2011,Jamaica,152,120
2011,Jordan,339,687
2011,Japan,77,67
2011,Kazakhstan,1163,924
2011,Kenya,2375,2065
2011,Kyrgyzstan,962,805
2011,Kiribati,0,0
2011,Rep. of Korea,96,82
2011,Dem. People's Rep. of Korea,116,123
2011,Kuwait,103,151
2011,Laos,3693,4070
2011,Liberia,30421,30505
2011,Libya,324,686
2011,Saint Lucia,239,137
2011,Lebanon,5262,6918
2011,Lesotho,0,0
2011,Sri Lanka,47749,62324
2011,Lithuania,140,141
2011,Latvia,281,238
2011,"China, Macao SAR",0,0
2011,Madagascar,117,128
2011,Mauritania,17539,19797
2011,North Macedonia,2720,3802
2011,Monaco,0,0
2011,Rep. of Moldova,2454,2156
2011,Maldives,0,5
2011,Mexico,914,767
2011,Mali,2294,892
2011,Malaysia,28,16
2011,Malawi,7,5
2011,Mongolia,338,238
2011,Morocco,494,1190
2011,Mozambique,37,92
2011,Malta,0,0
2011,Montenegro,1669,1896
2011,Mauritius,0,0
2011,Myanmar,74592,108405
2011,Namibia,272,750
2011,Nepal,214,519
2011,Netherlands,6,10
2011,Niger,112,228
2011,Nicaragua,432,542
2011,Nigeria,3934,4680
2011,Niue,0,0
2011,Norway,0,0
2011,New Zealand,5,8
2011,Oman,21,26
2011,Pakistan,3272,5920
2011,Panama,13,10
2011,Paraguay,15,12
2011,Peru,806,904
2011,Philippines,169,89
2011,Papua New Guinea,0,0
2011,Poland,564,642
2011,Portugal,0,10
2011,Qatar,40,42
2011,Romania,437,449
2011,South Africa,33,57
2011,Russia,29910,26143
2011,Rwanda,46792,53339
2011,El Salvador,498,650
2011,Saudi Arabia,180,243
2011,Serbia and Kosovo: S/RES/1244 (1999),62394,74958
2011,Senegal,8900,7999
2011,Seychelles,0,0
2011,Singapore,0,13
2011,Sierra Leone,812,1418
2011,Solomon Islands,0,5
2011,Somalia,462453,511474
2011,Spain,13,5
2011,Vietnam,159665,176371
2011,Saint Kitts and Nevis,0,7
2011,Sao Tome and Principe,14,18
2011,Sudan,241409,219582
2011,Suriname,0,5
2011,Slovakia,86,76
2011,Slovenia,5,5
2011,Eswatini,15,10
2011,Sweden,0,5
2011,Switzerland,5,0
2011,Syrian Arab Rep.,5655,7220
2011,United Rep. of Tanzania,76,97
2011,Turks and Caicos Islands,0,0
2011,Thailand,142,86
2011,Tajikistan,91,120
2011,Turkmenistan,106,120
2011,Timor-Leste,0,0
2011,Togo,5643,7798
2011,Tonga,0,0
2011,Trinidad and Tobago,40,24
2011,Tunisia,394,1051
2011,Türkiye,47241,76874
2011,United Arab Emirates,211,221
2011,Uganda,707,868
2011,Ukraine,10693,10301
2011,Uruguay,5,14
2011,United States of America,568,578
2011,Uzbekistan,1534,1424
2011,Saint Vincent and the Grenadines,349,138
2011,Venezuela,250,287
2011,Western Sahara,14,377
2011,Yemen,463,580
2011,Zambia,12,12
2011,Zimbabwe,724,859
2011,Stateless,2245,3244
2011,Tibetan,7500,7500
2011,Unknown ,9260,12062
2012,Afghanistan,807957,918677
2012,Albania,1909,2522
2012,Algeria,1316,2524
2012,Andorra,0,0
2012,Angola,4053,5736
2012,Antigua and Barbuda,5,7
2012,Egypt,444,999
2012,Argentina,27,27
2012,Armenia,4312,4336
2012,Australia,21,15
2012,Austria,0,10
2012,Azerbaijan,5802,5426
2012,Bahrain,23,31
2012,Barbados,10,11
2012,Burundi,31259,32397
2012,Belgium,0,7
2012,Benin,101,158
2012,Bangladesh,533,3436
2012,Bahamas,0,9
2012,Bhutan,19814,21335
2012,Burkina Faso,137,217
2012,Belarus,1414,1492
2012,Bolivia,115,126
2012,Botswana,63,25
2012,Brazil,121,61
2012,Bosnia and Herzegovina,24485,22810
2012,Bulgaria,173,191
2012,Belize,0,6
2012,Cambodia,6651,6739
2012,Canada,26,27
2012,Central African Rep.,82057,72549
2012,Chad,6677,7644
2012,China,3762,5188
2012,Chile,255,325
2012,Cameroon,1602,1998
2012,Congo,2730,3028
2012,Dem. Rep. Congo,238262,225329
2012,Comoros,135,284
2012,Colombia,20170,23466
2012,Costa Rica,11,7
2012,Cuba,1078,1749
2012,Cabo Verde,0,5
2012,Cyprus,5,0
2012,Czechia,97,144
2012,Denmark,0,0
2012,Djibouti,222,190
2012,Dominica,0,0
2012,Dominican Rep.,58,35
2012,Ecuador,125,120
2012,Equatorial Guinea,43,44
2012,Eritrea,90235,112310
2012,Estonia,52,46
2012,Ethiopia,23589,26161
2012,Fiji,5,0
2012,Finland,0,0
2012,France,0,7
2012,Gabon,34,32
2012,Gambia,171,498
2012,Palestinian,40667,45583
2012,United Kingdom of Great Britain and Northern Ireland,7,0
2012,Georgia,2571,2396
2012,Germany,10,5
2012,Ghana,12010,10432
2012,Guinea-Bissau,321,703
2012,Greece,0,5
2012,Grenada,5,0
2012,Guatemala,193,274
2012,Guinea,3719,3443
2012,Guyana,8,15
2012,Haiti,2585,2865
2012,"China, Hong Kong SAR",0,0
2012,Honduras,186,221
2012,Croatia,31246,30194
2012,Hungary,298,432
2012,Cote d'Ivoire,48065,44489
2012,India,466,2723
2012,Indonesia,2452,2496
2012,Ireland,0,0
2012,Iran (Islamic Rep. of),15745,22494
2012,Iraq,303825,321937
2012,Israel,186,179
2012,Italy,12,6
2012,Jamaica,80,80
2012,Jordan,348,674
2012,Japan,69,67
2012,Kazakhstan,1285,1036
2012,Kenya,2477,2119
2012,Kyrgyzstan,1084,922
2012,Kiribati,0,0
2012,Rep. of Korea,105,91
2012,Dem. People's Rep. of Korea,160,163
2012,Kuwait,130,215
2012,Laos,3654,4025
2012,Liberia,8956,9448
2012,Libya,701,1885
2012,Saint Lucia,197,103
2012,Lebanon,5333,6871
2012,Lesotho,0,0
2012,Sri Lanka,47263,61310
2012,Lithuania,142,142
2012,Latvia,265,231
2012,Madagascar,128,129
2012,Mauritania,14309,16990
2012,North Macedonia,2858,3853
2012,Monaco,0,0
2012,Rep. of Moldova,2362,2069
2012,Maldives,0,0
2012,Mexico,342,289
2012,Mali,78227,68512
2012,Malaysia,30,17
2012,Malawi,10,0
2012,Mongolia,357,239
2012,Morocco,527,1174
2012,Mozambique,36,95
2012,Malta,0,0
2012,Montenegro,1810,2043
2012,Mauritius,0,5
2012,Myanmar,74569,108537
2012,Namibia,278,768
2012,Nepal,148,374
2012,Netherlands,6,7
2012,Niger,105,235
2012,Nicaragua,423,541
2012,Nigeria,3518,4337
2012,Niue,0,0
2012,Norway,0,0
2012,New Zealand,6,8
2012,Oman,18,27
2012,Pakistan,3158,6023
2012,Panama,13,10
2012,Paraguay,8,12
2012,Peru,766,897
2012,Philippines,185,80
2012,Papua New Guinea,0,0
2012,Poland,556,617
2012,Portugal,5,5
2012,Qatar,54,60
2012,Romania,445,505
2012,South Africa,32,55
2012,Russia,30566,26601
2012,Rwanda,46398,44419
2012,El Salvador,450,623
2012,Saudi Arabia,166,256
2012,Serbia and Kosovo: S/RES/1244 (1999),63595,75775
2012,Senegal,9436,8309
2012,Seychelles,5,0
2012,Singapore,9,5
2012,Sierra Leone,839,1476
2012,Solomon Islands,0,0
2012,Somalia,490604,541017
2012,Spain,10,15
2012,Vietnam,159202,176115
2012,Saint Kitts and Nevis,0,0
2012,Sao Tome and Principe,14,17
2012,Sudan,282026,247343
2012,Suriname,0,0
2012,South Sudan,35782,31065
2012,Slovakia,85,83
2012,Slovenia,6,6
2012,Eswatini,27,12
2012,Sweden,0,5
2012,Switzerland,5,0
2012,Syrian Arab Rep.,296055,318399
2012,United Rep. of Tanzania,69,92
2012,Turks and Caicos Islands,0,0
2012,Thailand,141,79
2012,Tajikistan,95,126
2012,Turkmenistan,121,120
2012,Timor-Leste,0,0
2012,Togo,5002,6523
2012,Tonga,0,0
2012,Trinidad and Tobago,5,10
2012,Tunisia,387,969
2012,Türkiye,46513,75333
2012,United Arab Emirates,250,265
2012,Uganda,688,821
2012,Ukraine,10746,10357
2012,Uruguay,0,9
2012,United States of America,201,160
2012,Uzbekistan,1504,1404
2012,Saint Vincent and the Grenadines,222,86
2012,Venezuela,200,205
2012,Western Sahara,21,383
2012,Yemen,522,662
2012,Zambia,8,8
2012,Zimbabwe,492,683
2012,Stateless,2329,3430
2012,Tibetan,7500,7500
2012,Unknown ,8529,11199
2013,Afghanistan,792542,902689
2013,Albania,1311,1534
2013,Algeria,852,1379
2013,Andorra,0,0
2013,Angola,3382,4299
2013,Antigua and Barbuda,7,5
2013,Egypt,525,724
2013,Argentina,11,26
2013,Armenia,2669,2645
2013,Australia,5,11
2013,Austria,0,0
2013,Azerbaijan,3438,3155
2013,Bahrain,0,11
2013,Barbados,5,14
2013,Burundi,31721,32123
2013,Belgium,5,0
2013,Benin,47,43
2013,Bangladesh,495,3204
2013,Bahamas,6,6
2013,Bhutan,14971,16173
2013,Burkina Faso,99,113
2013,Belarus,354,471
2013,Bolivia,102,126
2013,Botswana,13,5
2013,Brazil,51,59
2013,Bosnia and Herzegovina,12193,11654
2013,Bulgaria,108,172
2013,Belize,0,0
2013,Cambodia,6549,6577
2013,Canada,19,15
2013,Central African Rep.,127095,113687
2013,Cayman Islands,0,0
2013,Chad,5948,6918
2013,China,3031,4429
2013,Chile,167,201
2013,Cameroon,1185,1504
2013,Congo,2574,2823
2013,Dem. Rep. Congo,226340,216619
2013,Comoros,152,322
2013,Colombia,18916,21724
2013,Costa Rica,10,5
2013,Cuba,1114,1725
2013,Cabo Verde,0,0
2013,Cyprus,5,0
2013,Czechia,257,418
2013,Denmark,0,0
2013,Djibouti,186,187
2013,Dominica,0,0
2013,Dominican Rep.,64,24
2013,Ecuador,84,86
2013,Equatorial Guinea,31,43
2013,Eritrea,96733,123726
2013,Estonia,8,7
2013,Ethiopia,23988,25617
2013,Fiji,5,7
2013,Finland,0,0
2013,France,0,20
2013,Gabon,24,33
2013,Gambia,164,186
2013,Palestinian,41211,46317
2013,United Kingdom of Great Britain and Northern Ireland,5,8
2013,Georgia,1656,1616
2013,Germany,9,5
2013,Ghana,10491,8201
2013,Guinea-Bissau,325,708
2013,Greece,14,37
2013,Grenada,5,6
2013,Guatemala,203,283
2013,Guinea,3999,3353
2013,Guyana,6,5
2013,Haiti,2510,2959
2013,"China, Hong Kong SAR",0,9
2013,Honduras,238,338
2013,Croatia,26138,22961
2013,Hungary,335,500
2013,Cote d'Ivoire,40095,37116
2013,India,299,577
2013,Indonesia,2525,2467
2013,Ireland,0,0
2013,Iran (Islamic Rep. of),13745,20412
2013,Iraq,77208,90151
2013,Israel,34,40
2013,Italy,12,5
2013,Jamaica,74,73
2013,Jordan,155,135
2013,Japan,51,67
2013,Kazakhstan,381,297
2013,Kenya,2402,2120
2013,Kyrgyzstan,295,332
2013,Kiribati,0,0
2013,Rep. of Korea,60,69
2013,Dem. People's Rep. of Korea,91,97
2013,Kuwait,41,52
2013,Laos,3534,3938
2013,Liberia,6496,6777
2013,Libya,204,402
2013,Saint Lucia,99,68
2013,Lebanon,344,509
2013,Lesotho,0,0
2013,Sri Lanka,43968,55849
2013,Lithuania,12,34
2013,Latvia,38,39
2013,Madagascar,122,124
2013,Mauritania,14597,17305
2013,North Macedonia,396,430
2013,Monaco,0,0
2013,Rep. of Moldova,281,296
2013,Maldives,5,0
2013,Mexico,160,184
2013,Marshall Islands,0,0
2013,Mali,80890,67134
2013,Malaysia,17,5
2013,Malawi,12,5
2013,Mongolia,282,192
2013,Morocco,186,266
2013,Mozambique,22,13
2013,Malta,0,0
2013,Montenegro,175,151
2013,Mauritius,6,6
2013,Myanmar,60411,96117
2013,Namibia,299,761
2013,Nepal,88,204
2013,Netherlands,9,0
2013,Niger,61,97
2013,Nicaragua,421,544
2013,Nigeria,2623,2557
2013,Niue,0,0
2013,Norway,0,5
2013,New Zealand,5,5
2013,Oman,0,0
2013,Pakistan,2439,4028
2013,Panama,15,10
2013,Paraguay,5,12
2013,Peru,897,1013
2013,Philippines,39,15
2013,Papua New Guinea,0,0
2013,Poland,347,698
2013,Portugal,5,0
2013,Qatar,0,0
2013,Romania,344,526
2013,South Africa,64,64
2013,Russia,10788,10682
2013,Rwanda,40103,38279
2013,El Salvador,511,727
2013,Saudi Arabia,33,18
2013,Serbia and Kosovo: S/RES/1244 (1999),16075,17015
2013,Senegal,9894,8620
2013,Seychelles,0,0
2013,Singapore,0,7
2013,Sierra Leone,766,1168
2013,Solomon Islands,0,0
2013,Somalia,500126,510719
2013,Spain,15,12
2013,Vietnam,148982,163654
2013,Saint Kitts and Nevis,0,6
2013,Sao Tome and Principe,14,17
2013,Sudan,319824,282847
2013,Suriname,0,0
2013,South Sudan,59699,54605
2013,Slovakia,116,151
2013,Slovenia,5,6
2013,Eswatini,11,20
2013,Sweden,5,0
2013,Switzerland,0,0
2013,Syrian Arab Rep.,906902,919638
2013,United Rep. of Tanzania,87,87
2013,Turks and Caicos Islands,0,0
2013,Thailand,39,29
2013,Tajikistan,67,96
2013,Turkmenistan,19,27
2013,Timor-Leste,0,0
2013,Togo,2684,3925
2013,Tonga,0,0
2013,Trinidad and Tobago,11,0
2013,Tunisia,224,462
2013,Türkiye,22723,32496
2013,United Arab Emirates,0,0
2013,Uganda,2222,1844
2013,Ukraine,689,610
2013,Uruguay,0,0
2013,United States of America,323,334
2013,Uzbekistan,338,318
2013,Saint Vincent and the Grenadines,103,61
2013,Venezuela,177,190
2013,Western Sahara,32,417
2013,Yemen,393,468
2013,Zambia,5,10
2013,Zimbabwe,621,807
2013,Stateless,424,740
2013,Tibetan,7500,7500
2013,Curacao ,0,0
2013,Unknown ,2933,4458
2014,Afghanistan,745421,845545
2014,Albania,1541,1627
2014,Algeria,824,1192
2014,Andorra,0,0
2014,Angola,3087,4219
2014,Antigua and Barbuda,13,6
2014,Egypt,613,1008
2014,Argentina,21,14
2014,Armenia,2743,2729
2014,Australia,5,6
2014,Austria,0,0
2014,Azerbaijan,3462,3175
2014,Bahrain,20,22
2014,Barbados,5,8
2014,Burundi,32243,34805
2014,Belgium,5,0
2014,Benin,41,44
2014,Bangladesh,627,4517
2014,Bahamas,5,11
2014,Bhutan,11078,12152
2014,Burkina Faso,72,106
2014,Belarus,336,398
2014,Bolivia,89,137
2014,Botswana,9,0
2014,Brazil,38,45
2014,Bosnia and Herzegovina,10369,9849
2014,Bulgaria,68,122
2014,Belize,9,0
2014,Cambodia,6237,6294
2014,Canada,19,15
2014,Central African Rep.,214121,195043
2014,Cayman Islands,0,0
2014,Chad,6392,6976
2014,China,3553,5047
2014,Chile,152,198
2014,Cameroon,1042,1509
2014,Congo,5048,5968
2014,Dem. Rep. Congo,246922,246164
2014,Comoros,173,346
2014,Colombia,4326,5352
2014,Costa Rica,5,0
2014,Cuba,679,1067
2014,Cabo Verde,0,5
2014,Cyprus,0,0
2014,Czechia,341,575
2014,Denmark,0,0
2014,Djibouti,177,167
2014,Dominica,0,0
2014,Dominican Rep.,39,21
2014,Ecuador,73,92
2014,Equatorial Guinea,25,30
2014,Eritrea,112281,154008
2014,Estonia,8,6
2014,Ethiopia,27706,39012
2014,Fiji,0,10
2014,Finland,0,0
2014,France,0,14
2014,Gabon,18,28
2014,Gambia,182,246
2014,Palestinian,41496,46881
2014,United Kingdom of Great Britain and Northern Ireland,11,6
2014,Georgia,1690,1615
2014,Germany,8,0
2014,Ghana,10928,8449
2014,Guinea-Bissau,337,698
2014,Greece,10,38
2014,Grenada,6,0
2014,Guatemala,181,233
2014,Guinea,3398,2776
2014,Guyana,6,16
2014,Haiti,2148,2520
2014,"China, Hong Kong SAR",0,0
2014,Honduras,212,321
2014,Croatia,21141,18696
2014,Hungary,272,450
2014,Cote d'Ivoire,32080,30826
2014,India,281,555
2014,Indonesia,504,35
2014,Ireland,0,0
2014,Iran (Islamic Rep. of),15410,23431
2014,Iraq,63624,76347
2014,Israel,25,26
2014,Italy,13,5
2014,Jamaica,81,76
2014,Jordan,165,118
2014,Japan,85,131
2014,Kazakhstan,357,288
2014,Kenya,2423,2145
2014,Kyrgyzstan,296,331
2014,Kiribati,0,0
2014,Rep. of Korea,67,84
2014,Dem. People's Rep. of Korea,118,138
2014,Kuwait,25,42
2014,Laos,3422,3809
2014,Liberia,5084,5404
2014,Libya,258,430
2014,Saint Lucia,14,6
2014,Lebanon,406,788
2014,Lesotho,5,0
2014,Sri Lanka,43572,55745
2014,Lithuania,6,12
2014,Latvia,26,37
2014,"China, Macao SAR",0,5
2014,Madagascar,113,111
2014,Mauritania,14577,17132
2014,North Macedonia,465,450
2014,Monaco,0,0
2014,Rep. of Moldova,211,203
2014,Maldives,5,0
2014,Mexico,87,64
2014,Marshall Islands,0,0
2014,Mali,72657,59653
2014,Malaysia,14,0
2014,Malawi,10,13
2014,Mongolia,288,210
2014,Morocco,194,279
2014,Mozambique,20,12
2014,Montenegro,188,156
2014,Mauritius,5,5
2014,Myanmar,78453,112233
2014,Namibia,274,745
2014,Nepal,59,167
2014,Netherlands,5,5
2014,Niger,39,88
2014,Nicaragua,95,134
2014,Nigeria,4028,3553
2014,Niue,0,0
2014,Norway,0,0
2014,New Zealand,0,9
2014,Oman,0,5
2014,Pakistan,145768,142512
2014,Panama,0,0
2014,Paraguay,8,12
2014,Peru,718,838
2014,Philippines,42,9
2014,Papua New Guinea,0,0
2014,Poland,286,615
2014,Portugal,5,5
2014,Qatar,0,0
2014,Romania,171,266
2014,South Africa,24,45
2014,Russia,10363,9788
2014,Rwanda,37078,37824
2014,El Salvador,281,363
2014,Saudi Arabia,21,40
2014,Serbia and Kosovo: S/RES/1244 (1999),15591,16377
2014,Senegal,10889,9668
2014,Seychelles,5,0
2014,Singapore,0,7
2014,Sierra Leone,768,1134
2014,Solomon Islands,5,7
2014,Somalia,479232,540664
2014,Spain,5,15
2014,Vietnam,148777,163312
2014,Saint Kitts and Nevis,9,0
2014,Sao Tome and Principe,11,13
2014,Sudan,336128,301000
2014,Suriname,0,0
2014,South Sudan,328054,287943
2014,Slovakia,114,144
2014,Slovenia,0,9
2014,Eswatini,5,7
2014,Sweden,5,0
2014,Switzerland,0,0
2014,Syrian Arab Rep.,1238577,1218970
2014,United Rep. of Tanzania,86,93
2014,Turks and Caicos Islands,0,0
2014,Thailand,44,32
2014,Tajikistan,74,114
2014,Turkmenistan,22,32
2014,Timor-Leste,0,0
2014,Togo,2404,3479
2014,Tonga,0,0
2014,Trinidad and Tobago,8,0
2014,Tunisia,231,471
2014,Türkiye,22096,31367
2014,United Arab Emirates,0,0
2014,Uganda,1377,1653
2014,Ukraine,163149,70335
2014,Uruguay,0,0
2014,United States of America,114,107
2014,Uzbekistan,297,290
2014,Saint Vincent and the Grenadines,30,15
2014,Venezuela,93,104
2014,Western Sahara,41,397
2014,Yemen,422,523
2014,Zambia,57,34
2014,Zimbabwe,3153,4243
2014,Stateless,654,1098
2014,Tibetan,7500,7500
2014,Curacao ,0,0
2014,Unknown ,2695,4364
2015,Afghanistan,772915,882498
2015,Albania,1997,2110
2015,Algeria,849,1325
2015,Andorra,0,0
2015,Angola,3225,4243
2015,Antigua and Barbuda,0,0
2015,Egypt,639,1185
2015,Argentina,15,13
2015,Armenia,2916,2884
2015,Australia,0,5
2015,Azerbaijan,3573,3297
2015,Bahrain,25,54
2015,Barbados,0,0
2015,Burundi,145358,139363
2015,Belgium,5,0
2015,Benin,59,62
2015,Bangladesh,574,3788
2015,Bahamas,0,0
2015,Bhutan,8203,9112
2015,Burkina Faso,123,143
2015,Belarus,388,472
2015,Bolivia,97,133
2015,Botswana,0,0
2015,Brazil,42,25
2015,Bosnia and Herzegovina,8895,8482
2015,Bulgaria,80,143
2015,Belize,0,0
2015,Cambodia,6163,6205
2015,Canada,12,8
2015,Central African Rep.,247402,223309
2015,Cayman Islands,0,0
2015,Chad,6659,6812
2015,China,2981,4210
2015,Chile,165,213
2015,Cameroon,988,1432
2015,Congo,2377,2704
2015,Dem. Rep. Congo,244917,242315
2015,Comoros,187,338
2015,Colombia,28636,32584
2015,Costa Rica,5,0
2015,Cuba,437,846
2015,Cabo Verde,0,5
2015,Czechia,363,615
2015,Denmark,0,0
2015,Djibouti,246,220
2015,Dominica,0,0
2015,Dominican Rep.,44,16
2015,Ecuador,70,81
2015,Equatorial Guinea,20,30
2015,Eritrea,114303,172991
2015,Estonia,8,7
2015,Ethiopia,22044,23209
2015,Fiji,0,10
2015,Finland,0,0
2015,France,0,14
2015,Gabon,26,31
2015,Gambia,228,268
2015,Palestinian,41593,47159
2015,United Kingdom of Great Britain and Northern Ireland,5,7
2015,Georgia,1804,1792
2015,Germany,7,0
2015,Ghana,11058,8353
2015,Guinea-Bissau,359,704
2015,Greece,10,37
2015,Grenada,0,0
2015,Guatemala,17,39
2015,Guinea,5884,4316
2015,Guyana,5,8
2015,Haiti,1891,2312
2015,"China, Hong Kong SAR",0,0
2015,Honduras,73,84
2015,Croatia,17693,15524
2015,Hungary,126,306
2015,Cote d'Ivoire,31581,30346
2015,India,181,422
2015,Indonesia,675,19
2015,Ireland,0,0
2015,Iran (Islamic Rep. of),16461,23397
2015,Iraq,71978,89767
2015,Israel,17,29
2015,Italy,6,13
2015,Jamaica,12,19
2015,Jordan,203,154
2015,Japan,46,55
2015,Kazakhstan,391,332
2015,Kenya,2065,1823
2015,Kyrgyzstan,336,368
2015,Rep. of Korea,41,41
2015,Dem. People's Rep. of Korea,71,82
2015,Kuwait,43,51
2015,Laos,3394,3749
2015,Liberia,3552,3718
2015,Libya,394,634
2015,Saint Lucia,0,0
2015,Lebanon,425,877
2015,Lesotho,0,0
2015,Sri Lanka,43303,54298
2015,Lithuania,10,28
2015,Latvia,31,30
2015,"China, Macao SAR",0,0
2015,Madagascar,114,112
2015,Mauritania,15058,17495
2015,North Macedonia,517,570
2015,Monaco,0,0
2015,Rep. of Moldova,260,256
2015,Maldives,5,0
2015,Mexico,34,33
2015,Marshall Islands,0,0
2015,Mali,79157,65238
2015,Malaysia,18,5
2015,Malawi,30,13
2015,Mongolia,248,189
2015,Morocco,226,325
2015,Mozambique,17,17
2015,Montenegro,201,178
2015,Mauritius,16,5
2015,Myanmar,67535,96702
2015,Namibia,252,662
2015,Nepal,52,179
2015,Netherlands,6,6
2015,Niger,293,318
2015,Nicaragua,139,172
2015,Nigeria,65495,55348
2015,Niue,0,0
2015,Norway,0,0
2015,New Zealand,0,8
2015,Oman,0,5
2015,Pakistan,122872,122966
2015,Panama,0,0
2015,Paraguay,13,12
2015,Peru,740,844
2015,Philippines,30,14
2015,Papua New Guinea,0,0
2015,Poland,363,711
2015,Portugal,5,5
2015,Qatar,0,0
2015,Romania,287,469
2015,South Africa,54,74
2015,Russia,12041,11518
2015,Rwanda,141636,139364
2015,El Salvador,306,372
2015,Saudi Arabia,40,9
2015,Serbia and Kosovo: S/RES/1244 (1999),11927,12811
2015,Senegal,4495,4316
2015,Seychelles,0,0
2015,Singapore,0,6
2015,Sierra Leone,804,1215
2015,Solomon Islands,0,0
2015,Somalia,480389,515886
2015,Spain,15,9
2015,Vietnam,4235,5609
2015,Saint Kitts and Nevis,0,0
2015,Sao Tome and Principe,11,13
2015,Sudan,322473,285104
2015,Suriname,0,0
2015,South Sudan,364164,317407
2015,Slovakia,100,132
2015,Slovenia,0,7
2015,Eswatini,0,11
2015,Sweden,5,0
2015,Switzerland,0,0
2015,Syrian Arab Rep.,1080295,1121351
2015,United Rep. of Tanzania,105,92
2015,Turks and Caicos Islands,0,0
2015,Thailand,41,26
2015,Tajikistan,93,136
2015,Turkmenistan,37,41
2015,Timor-Leste,0,0
2015,Togo,2139,3294
2015,Tonga,0,0
2015,Trinidad and Tobago,0,0
2015,Tunisia,166,330
2015,Türkiye,19927,27790
2015,United Arab Emirates,0,0
2015,Uganda,553,696
2015,Ukraine,1369,1094
2015,Uruguay,0,0
2015,United States of America,89,81
2015,Uzbekistan,285,292
2015,Saint Vincent and the Grenadines,0,0
2015,Venezuela,74,71
2015,Western Sahara,55,435
2015,Yemen,6056,7565
2015,Zambia,5,6
2015,Zimbabwe,482,575
2015,Stateless,1060,2081
2015,Tibetan,7500,7500
2015,Curacao ,0,0
2015,Unknown ,10913,16260
2016,Afghanistan,673407,791280
2016,Albania,2531,2571
2016,Algeria,958,1472
2016,Angola,3169,4190
2016,Antigua and Barbuda,8,0
2016,Egypt,944,1641
2016,Argentina,16,13
2016,Armenia,3016,3005
2016,Australia,0,5
2016,Azerbaijan,3447,3271
2016,Bahrain,37,55
2016,Barbados,11,13
2016,Burundi,197358,207646
2016,Belgium,5,0
2016,Benin,70,79
2016,Bangladesh,777,4788
2016,Bahamas,13,21
2016,Bhutan,5341,6050
2016,Burkina Faso,150,147
2016,Belarus,392,461
2016,Bolivia,96,127
2016,Botswana,6,6
2016,Brazil,35,20
2016,Bosnia and Herzegovina,8714,8197
2016,Bulgaria,64,118
2016,Belize,0,0
2016,Cambodia,5975,6127
2016,Canada,13,10
2016,Central African Rep.,259433,231054
2016,Cayman Islands,0,0
2016,Chad,6412,6431
2016,China,4347,6224
2016,Chile,167,205
2016,Cameroon,1190,1816
2016,Congo,4797,5573
2016,Dem. Rep. Congo,261665,256371
2016,Comoros,197,355
2016,Colombia,6561,8151
2016,Costa Rica,5,0
2016,Cuba,529,942
2016,Cabo Verde,0,5
2016,Czechia,328,544
2016,Djibouti,337,322
2016,Dominica,0,0
2016,Dominican Rep.,60,23
2016,Ecuador,78,72
2016,Equatorial Guinea,21,29
2016,Eritrea,117413,142736
2016,Estonia,8,0
2016,Ethiopia,27167,36855
2016,Fiji,0,0
2016,Finland,0,0
2016,France,0,14
2016,Gabon,38,45
2016,Gambia,264,381
2016,Palestinian,41205,46576
2016,United Kingdom of Great Britain and Northern Ireland,5,8
2016,Georgia,1940,1888
2016,Germany,7,0
2016,Ghana,5979,4674
2016,Guinea-Bissau,351,697
2016,Greece,7,38
2016,Grenada,7,0
2016,Guatemala,36,58
2016,Guinea,6213,4517
2016,Guyana,5,11
2016,Haiti,2023,2426
2016,"China, Hong Kong SAR",0,0
2016,Honduras,140,182
2016,Croatia,14256,11718
2016,Hungary,179,416
2016,Cote d'Ivoire,18799,18881
2016,India,215,480
2016,Indonesia,329,318
2016,Iran (Islamic Rep. of),18243,25946
2016,Iraq,90422,114409
2016,Israel,21,39
2016,Italy,12,8
2016,Jamaica,50,52
2016,Jordan,271,189
2016,Japan,21,16
2016,Kazakhstan,424,347
2016,Kenya,2187,1946
2016,Kyrgyzstan,357,382
2016,Rep. of Korea,32,30
2016,Dem. People's Rep. of Korea,66,82
2016,Kuwait,39,92
2016,Laos,3310,3725
2016,Liberia,1958,2213
2016,Libya,636,1214
2016,Saint Lucia,9,17
2016,Lebanon,609,1061
2016,Lesotho,0,0
2016,Sri Lanka,43662,55515
2016,Lithuania,5,19
2016,Latvia,19,33
2016,"China, Macao SAR",0,0
2016,Madagascar,116,119
2016,Mauritania,15911,18536
2016,North Macedonia,572,578
2016,Monaco,0,0
2016,Rep. of Moldova,258,253
2016,Maldives,5,8
2016,Mexico,49,72
2016,Marshall Islands,0,0
2016,Mali,77912,65722
2016,Malaysia,14,5
2016,Malawi,36,17
2016,Mongolia,339,244
2016,Morocco,371,474
2016,Mozambique,12,21
2016,Montenegro,217,200
2016,Mauritius,16,5
2016,Myanmar,62185,97264
2016,Namibia,267,680
2016,Nepal,92,250
2016,Netherlands,9,5
2016,Niger,312,348
2016,Nicaragua,325,434
2016,Nigeria,91282,88025
2016,Niue,0,0
2016,Norway,0,0
2016,New Zealand,0,8
2016,Oman,0,5
2016,Pakistan,30686,41292
2016,Panama,0,0
2016,Paraguay,19,8
2016,Peru,462,531
2016,Philippines,40,12
2016,Papua New Guinea,0,0
2016,Poland,317,682
2016,Portugal,5,5
2016,Qatar,0,0
2016,Romania,169,275
2016,South Africa,61,66
2016,Russia,12972,12154
2016,Rwanda,142544,140705
2016,El Salvador,577,749
2016,Saudi Arabia,90,64
2016,Serbia and Kosovo: S/RES/1244 (1999),13422,14180
2016,Senegal,9190,8299
2016,Seychelles,0,0
2016,Singapore,0,5
2016,Sierra Leone,806,1228
2016,Solomon Islands,0,5
2016,Somalia,437585,489250
2016,Spain,5,13
2016,Vietnam,4662,6125
2016,Saint Kitts and Nevis,0,0
2016,Sao Tome and Principe,15,16
2016,Sudan,334443,295378
2016,Suriname,0,0
2016,South Sudan,685302,547832
2016,Slovakia,94,156
2016,Slovenia,0,7
2016,Eswatini,11,9
2016,Sweden,5,0
2016,Switzerland,0,0
2016,Syrian Arab Rep.,1054591,1144787
2016,United Rep. of Tanzania,80,79
2016,Turks and Caicos Islands,0,0
2016,Thailand,21,31
2016,Tajikistan,120,162
2016,Turkmenistan,44,37
2016,Timor-Leste,0,0
2016,Togo,2568,3714
2016,Tonga,0,0
2016,Trinidad and Tobago,0,0
2016,Tunisia,267,486
2016,Türkiye,20549,29377
2016,United Arab Emirates,5,5
2016,Uganda,756,1128
2016,Ukraine,1702,1339
2016,Uruguay,0,0
2016,United States of America,101,100
2016,Uzbekistan,313,326
2016,Saint Vincent and the Grenadines,36,26
2016,Venezuela,265,328
2016,Western Sahara,44142,46455
2016,Yemen,6843,8834
2016,Zambia,52,25
2016,Zimbabwe,2559,3206
2016,Stateless,2425,4879
2016,Tibetan,7003,6511
2016,Curacao ,0,0
2016,Unknown ,11729,20011
2017,Afghanistan,717820,855622
2017,Albania,2836,2684
2017,Algeria,1110,1510
2017,Angola,2830,3343
2017,Antigua and Barbuda,0,0
2017,Egypt,1215,2025
2017,Argentina,11,8
2017,Armenia,3337,3251
2017,Australia,0,5
2017,Austria,5,0
2017,Azerbaijan,3869,3687
2017,Bahrain,44,67
2017,Barbados,0,0
2017,Burundi,217612,217757
2017,Belgium,6,0
2017,Benin,72,69
2017,Bangladesh,947,5365
2017,Bahamas,0,0
2017,Bhutan,3439,4131
2017,Burkina Faso,150,134
2017,Belarus,392,430
2017,Bolivia,42,41
2017,Botswana,5,0
2017,Brazil,36,27
2017,Bosnia and Herzegovina,8423,7998
2017,Bulgaria,61,101
2017,Belize,0,0
2017,Cambodia,5955,5966
2017,Canada,13,11
2017,Central African Rep.,287495,257510
2017,Cayman Islands,0,0
2017,Chad,7367,7633
2017,China,4096,5369
2017,Chile,146,149
2017,Cameroon,1052,1612
2017,Congo,4715,5505
2017,Dem. Rep. Congo,296353,306659
2017,Comoros,207,368
2017,Colombia,15465,17743
2017,Costa Rica,5,0
2017,Cuba,626,1012
2017,Cabo Verde,0,0
2017,Czechia,299,512
2017,Djibouti,217,163
2017,Dominica,0,0
2017,Dominican Rep.,58,10
2017,Ecuador,58,25
2017,Equatorial Guinea,27,32
2017,Eritrea,152959,216736
2017,Estonia,7,5
2017,Ethiopia,28580,38213
2017,Fiji,0,0
2017,Finland,0,0
2017,France,0,15
2017,Gabon,41,49
2017,Gambia,379,542
2017,Palestinian,41258,46318
2017,United Kingdom of Great Britain and Northern Ireland,6,12
2017,Georgia,1998,1929
2017,Germany,6,0
2017,Ghana,6064,4711
2017,Guinea-Bissau,360,696
2017,Greece,6,42
2017,Grenada,0,0
2017,Guatemala,27,46
2017,Guinea,5498,4441
2017,Guyana,5,16
2017,Haiti,1934,2279
2017,"China, Hong Kong SAR",0,0
2017,Honduras,162,176
2017,Croatia,13500,11088
2017,Hungary,120,218
2017,Iceland,5,0
2017,Cote d'Ivoire,15026,15779
2017,India,227,408
2017,Indonesia,28,12
2017,Iran (Islamic Rep. of),23767,35610
2017,Iraq,111694,141742
2017,Israel,25,25
2017,Italy,11,11
2017,Jamaica,10,74
2017,Jordan,335,204
2017,Japan,17,11
2017,Kazakhstan,410,343
2017,Kenya,2220,2004
2017,Kyrgyzstan,346,366
2017,Rep. of Korea,20,25
2017,Dem. People's Rep. of Korea,42,55
2017,Kuwait,43,135
2017,Laos,3264,3628
2017,Liberia,1855,2081
2017,Libya,1062,1614
2017,Saint Lucia,0,0
2017,Lebanon,848,844
2017,Lesotho,0,0
2017,Sri Lanka,43792,53335
2017,Lithuania,5,11
2017,Latvia,24,31
2017,Madagascar,115,111
2017,Mauritania,15913,18881
2017,North Macedonia,593,568
2017,Monaco,0,0
2017,Rep. of Moldova,278,242
2017,Maldives,5,8
2017,Mexico,36,32
2017,Marshall Islands,0,0
2017,Mali,74544,60896
2017,Malaysia,14,10
2017,Malawi,34,22
2017,Mongolia,370,278
2017,Morocco,556,617
2017,Mozambique,18,15
2017,Montenegro,226,194
2017,Mauritius,23,5
2017,Myanmar,484633,483004
2017,Namibia,254,669
2017,Nepal,73,151
2017,Netherlands,11,10
2017,Niger,291,333
2017,Nicaragua,324,436
2017,Nigeria,101028,86256
2017,Niue,0,0
2017,Norway,0,5
2017,New Zealand,0,8
2017,Oman,0,9
2017,Pakistan,37236,52210
2017,Panama,0,5
2017,Paraguay,14,5
2017,Peru,496,519
2017,Philippines,39,10
2017,Papua New Guinea,0,0
2017,Poland,255,556
2017,Portugal,6,5
2017,Qatar,0,0
2017,Romania,151,241
2017,South Africa,64,57
2017,Russia,12852,11709
2017,Rwanda,128020,127605
2017,El Salvador,667,841
2017,Saudi Arabia,107,71
2017,Serbia and Kosovo: S/RES/1244 (1999),13205,13594
2017,Senegal,9883,8668
2017,Seychelles,0,0
2017,Singapore,0,7
2017,Sierra Leone,759,1353
2017,Solomon Islands,8,0
2017,Somalia,423935,476238
2017,Spain,10,12
2017,Vietnam,4735,6004
2017,Saint Kitts and Nevis,0,0
2017,Sao Tome and Principe,20,11
2017,Sudan,354717,319282
2017,Suriname,0,0
2017,South Sudan,1012856,894634
2017,Slovakia,89,112
2017,Slovenia,0,7
2017,Eswatini,11,9
2017,Sweden,6,0
2017,Switzerland,0,0
2017,Syrian Arab Rep.,1217528,1351236
2017,United Rep. of Tanzania,69,58
2017,Turks and Caicos Islands,0,0
2017,Thailand,27,20
2017,Tajikistan,297,330
2017,Turkmenistan,49,43
2017,Timor-Leste,0,0
2017,Togo,2573,3529
2017,Tonga,0,0
2017,Trinidad and Tobago,0,0
2017,Tunisia,365,405
2017,Türkiye,22093,29054
2017,United Arab Emirates,12,21
2017,Uganda,680,1082
2017,Ukraine,1827,1362
2017,Uruguay,0,0
2017,United States of America,79,73
2017,Uzbekistan,264,312
2017,Saint Vincent and the Grenadines,5,5
2017,Venezuela,335,398
2017,Western Sahara,44178,46540
2017,Yemen,8151,11408
2017,Zambia,56,27
2017,Zimbabwe,2567,3256
2017,Stateless,3513,5984
2017,Tibetan,7003,6506
2017,Curacao ,0,0
2017,Unknown ,11757,19803
2018,Afghanistan,734542,882455
2018,Albania,3426,3205
2018,Algeria,1223,1506
2018,Angola,2833,3265
2018,Antigua and Barbuda,12,5
2018,Egypt,1680,2584
2018,Argentina,11,8
2018,Armenia,3498,3440
2018,Australia,0,5
2018,Austria,10,0
2018,Azerbaijan,4193,3976
2018,Bahrain,57,77
2018,Barbados,11,10
2018,Burundi,185441,196420
2018,Belgium,5,0
2018,Benin,88,96
2018,Bangladesh,1243,5672
2018,Bahamas,8,18
2018,Bhutan,3106,3680
2018,Burkina Faso,4650,4184
2018,Belarus,398,399
2018,Bolivia,35,36
2018,Botswana,21,5
2018,Brazil,44,27
2018,Bosnia and Herzegovina,8591,7156
2018,Bulgaria,60,104
2018,Belize,5,0
2018,Cambodia,5846,5987
2018,Canada,14,10
2018,Central African Rep.,309609,277984
2018,Cayman Islands,0,0
2018,Chad,4509,4996
2018,China,4914,6558
2018,Chile,139,161
2018,Cameroon,19539,15971
2018,Congo,2473,2718
2018,Dem. Rep. Congo,343933,327916
2018,Comoros,210,373
2018,Colombia,35571,38473
2018,Costa Rica,10,0
2018,Cuba,272,499
2018,Cabo Verde,0,0
2018,Cyprus,0,0
2018,Czechia,313,503
2018,Djibouti,325,242
2018,Dominica,0,0
2018,Dominican Rep.,67,25
2018,Ecuador,55,39
2018,Equatorial Guinea,43,32
2018,Eritrea,161354,236305
2018,Estonia,7,5
2018,Ethiopia,27304,28031
2018,Fiji,0,0
2018,Finland,0,0
2018,France,5,15
2018,Gabon,107,87
2018,Gambia,560,735
2018,Palestinian,8067,9104
2018,United Kingdom of Great Britain and Northern Ireland,12,19
2018,Georgia,2199,2062
2018,Germany,5,0
2018,Ghana,6146,4833
2018,Guinea-Bissau,368,694
2018,Greece,6,43
2018,Grenada,0,0
2018,Guatemala,31,68
2018,Guinea,6758,5357
2018,Guyana,10,12
2018,Haiti,1952,2242
2018,"China, Hong Kong SAR",0,6
2018,Honduras,168,178
2018,Croatia,13727,10052
2018,Hungary,278,385
2018,Iceland,5,0
2018,Cote d'Ivoire,14280,13802
2018,India,393,585
2018,Indonesia,916,36
2018,Iran (Islamic Rep. of),25601,38142
2018,Iraq,117099,146398
2018,Israel,40,31
2018,Italy,22,10
2018,Jamaica,81,153
2018,Jordan,461,265
2018,Japan,15,9
2018,Kazakhstan,439,344
2018,Kenya,2198,1962
2018,Kyrgyzstan,368,367
2018,Rep. of Korea,45,54
2018,Dem. People's Rep. of Korea,18,23
2018,Kuwait,72,166
2018,Laos,3185,3605
2018,Liberia,1227,1227
2018,Libya,1281,2072
2018,Saint Lucia,45,39
2018,Lebanon,1086,980
2018,Lesotho,0,0
2018,Sri Lanka,11403,22813
2018,Lithuania,10,9
2018,Latvia,16,30
2018,Madagascar,124,111
2018,Mauritania,16206,18764
2018,North Macedonia,625,584
2018,Monaco,0,0
2018,Rep. of Moldova,262,231
2018,Maldives,10,6
2018,Mexico,65,76
2018,Marshall Islands,0,0
2018,Mali,78004,63611
2018,Malaysia,13,19
2018,Malawi,45,35
2018,Mongolia,421,326
2018,Morocco,703,798
2018,Mozambique,24,13
2018,Malta,0,0
2018,Montenegro,233,199
2018,Mauritius,29,10
2018,Myanmar,568970,571049
2018,Namibia,244,663
2018,Nepal,144,232
2018,Netherlands,16,14
2018,Niger,959,874
2018,Nicaragua,12,28
2018,Nigeria,129828,113093
2018,Niue,0,0
2018,Norway,0,0
2018,New Zealand,0,8
2018,Oman,0,9
2018,Pakistan,44649,44792
2018,Panama,0,0
2018,Paraguay,19,5
2018,Peru,458,488
2018,Philippines,65,27
2018,Papua New Guinea,0,0
2018,Poland,255,539
2018,Portugal,10,0
2018,Qatar,0,0
2018,Romania,153,235
2018,South Africa,81,66
2018,Russia,13510,12241
2018,Rwanda,122214,120386
2018,El Salvador,321,312
2018,Saudi Arabia,153,117
2018,Serbia and Kosovo: S/RES/1244 (1999),13262,13587
2018,Senegal,2949,2576
2018,Seychelles,0,0
2018,Singapore,0,8
2018,Sierra Leone,861,1087
2018,Solomon Islands,6,0
2018,Somalia,403037,439421
2018,Spain,5,17
2018,Vietnam,4671,6085
2018,Saint Kitts and Nevis,0,5
2018,Sao Tome and Principe,20,11
2018,Sudan,368564,334063
2018,Suriname,5,0
2018,South Sudan,1203690,1080872
2018,Slovakia,143,180
2018,Slovenia,0,6
2018,Eswatini,17,13
2018,Sweden,8,0
2018,Switzerland,0,0
2018,Syrian Arab Rep.,2887917,3339884
2018,United Rep. of Tanzania,71,87
2018,Turks and Caicos Islands,0,0
2018,Thailand,52,21
2018,Tajikistan,380,432
2018,Turkmenistan,72,51
2018,Timor-Leste,0,0
2018,Togo,2543,3546
2018,Tonga,0,0
2018,Trinidad and Tobago,7,16
2018,Tunisia,328,516
2018,Türkiye,23112,32631
2018,United Arab Emirates,17,22
2018,Uganda,687,915
2018,Ukraine,2222,1626
2018,Uruguay,0,0
2018,United States of America,108,101
2018,Uzbekistan,295,289
2018,Saint Vincent and the Grenadines,61,35
2018,Venezuela,516,526
2018,Western Sahara,129,598
2018,Yemen,9930,15979
2018,Zambia,13,0
2018,Zimbabwe,718,737
2018,Stateless,3860,6723
2018,Tibetan,7003,6506
2018,Curacao ,0,0
2018,Unknown ,12518,21358
2019,Afghanistan,729075,885048
2019,Albania,3869,3476
2019,Algeria,1277,1556
2019,Angola,2762,3118
2019,Antigua and Barbuda,0,0
2019,Egypt,1436,2441
2019,Argentina,13,7
2019,Armenia,3591,3602
2019,Australia,5,5
2019,Austria,5,0
2019,Azerbaijan,4211,3968
2019,Bahrain,48,80
2019,Barbados,0,0
2019,Burundi,182416,190471
2019,Belgium,6,0
2019,Benin,102,89
2019,Bangladesh,1147,5966
2019,Bahamas,0,0
2019,Bhutan,3002,3550
2019,Burkina Faso,4655,4191
2019,Belarus,386,422
2019,Bolivia,30,42
2019,Botswana,10,5
2019,Brazil,46,21
2019,Bosnia and Herzegovina,3004,2942
2019,Bulgaria,60,91
2019,Belize,0,0
2019,Cambodia,5639,5751
2019,Canada,14,10
2019,Central African Rep.,321146,288344
2019,Cayman Islands,0,0
2019,Chad,4462,5110
2019,China,4684,6238
2019,Chile,132,146
2019,Cameroon,29316,25672
2019,Congo,2475,2801
2019,Dem. Rep. Congo,384987,370547
2019,Comoros,229,403
2019,Colombia,34281,34817
2019,Costa Rica,10,0
2019,Cuba,222,510
2019,Cabo Verde,0,0
2019,Czechia,287,463
2019,Denmark,0,0
2019,Djibouti,256,185
2019,Dominica,5,0
2019,Dominican Rep.,63,22
2019,Ecuador,39,34
2019,Equatorial Guinea,38,26
2019,Eritrea,168882,197045
2019,Estonia,0,10
2019,Ethiopia,27903,28659
2019,Fiji,0,0
2019,France,0,15
2019,Gabon,154,120
2019,Gambia,605,813
2019,Palestinian,41247,42173
2019,United Kingdom of Great Britain and Northern Ireland,5,20
2019,Georgia,2403,2155
2019,Germany,5,0
2019,Ghana,6140,4835
2019,Guinea-Bissau,382,683
2019,Greece,7,44
2019,Grenada,0,0
2019,Guatemala,25,21
2019,Guinea,7928,6460
2019,Guyana,5,14
2019,Haiti,1861,2217
2019,"China, Hong Kong SAR",0,0
2019,Honduras,98,93
2019,Croatia,3117,2361
2019,Hungary,97,203
2019,Iceland,5,0
2019,Cote d'Ivoire,14892,13665
2019,India,271,429
2019,Indonesia,988,37
2019,Iran (Islamic Rep. of),20881,32933
2019,Iraq,97148,123259
2019,Israel,24,27
2019,Italy,21,13
2019,Jamaica,15,82
2019,Jordan,346,252
2019,Japan,14,9
2019,Kazakhstan,429,357
2019,Kenya,2465,2186
2019,Kyrgyzstan,275,268
2019,Rep. of Korea,16,14
2019,Dem. People's Rep. of Korea,36,56
2019,Kuwait,79,207
2019,Laos,3052,3459
2019,Liberia,1486,1464
2019,Libya,1292,2278
2019,Saint Lucia,5,0
2019,Lebanon,994,990
2019,Lesotho,0,0
2019,Sri Lanka,40083,49801
2019,Lithuania,5,6
2019,Luxembourg,5,0
2019,Latvia,15,30
2019,Madagascar,124,105
2019,Mauritania,16255,18965
2019,North Macedonia,652,611
2019,Monaco,0,0
2019,Rep. of Moldova,265,244
2019,Maldives,10,0
2019,Mexico,31,35
2019,Marshall Islands,0,0
2019,Mali,81167,65641
2019,Malaysia,9,19
2019,Malawi,56,46
2019,Mongolia,464,361
2019,Morocco,746,918
2019,Mozambique,26,14
2019,Malta,0,0
2019,Montenegro,223,180
2019,Mauritius,29,17
2019,Myanmar,528416,543805
2019,Namibia,0,7
2019,Nepal,93,151
2019,Netherlands,16,15
2019,Niger,933,893
2019,Nicaragua,36,37
2019,Nigeria,137011,118712
2019,Niue,0,0
2019,Norway,0,0
2019,New Zealand,0,8
2019,Oman,0,9
2019,Pakistan,44341,45155
2019,Panama,0,0
2019,Paraguay,20,7
2019,Peru,446,475
2019,Philippines,62,27
2019,Papua New Guinea,0,0
2019,Poland,237,514
2019,Portugal,5,0
2019,Qatar,5,0
2019,Romania,137,215
2019,South Africa,92,74
2019,Russia,13869,12554
2019,Rwanda,121511,119832
2019,El Salvador,246,216
2019,Saudi Arabia,114,118
2019,Serbia and Kosovo: S/RES/1244 (1999),12817,12932
2019,Senegal,4199,3642
2019,Seychelles,0,0
2019,Singapore,0,8
2019,Sierra Leone,1057,1302
2019,Solomon Islands,6,0
2019,Somalia,375395,422247
2019,Spain,7,13
2019,Vietnam,4216,5521
2019,Saint Kitts and Nevis,0,0
2019,Sao Tome and Principe,21,7
2019,Sudan,371030,338660
2019,Suriname,5,0
2019,South Sudan,1165687,1068568
2019,Slovakia,82,103
2019,Slovenia,0,6
2019,Eswatini,11,9
2019,Sweden,8,0
2019,Switzerland,0,0
2019,Syrian Arab Rep.,2900291,3335411
2019,United Rep. of Tanzania,58,62
2019,Turks and Caicos Islands,0,0
2019,Thailand,38,22
2019,Tajikistan,461,527
2019,Turkmenistan,59,64
2019,Timor-Leste,0,0
2019,Togo,2293,3230
2019,Tonga,0,0
2019,Trinidad and Tobago,0,5
2019,Tunisia,267,381
2019,Türkiye,23563,33230
2019,United Arab Emirates,22,17
2019,Uganda,623,898
2019,Ukraine,2005,1488
2019,Uruguay,0,0
2019,United States of America,72,73
2019,Uzbekistan,206,229
2019,Saint Vincent and the Grenadines,0,5
2019,Venezuela,852,888
2019,Western Sahara,153,680
2019,Yemen,10355,17614
2019,Zambia,6,0
2019,Zimbabwe,733,683
2019,Stateless,11625,15153
2019,Tibetan,6520,6020
2019,Curacao ,0,0
2019,Unknown ,14015,22638
2020,Afghanistan,742239,883213
2020,Albania,1207,1134
2020,Algeria,483,626
2020,Angola,1170,1160
2020,Antigua and Barbuda,0,0
2020,Egypt,1475,1965
2020,Argentina,7,8
2020,Armenia,1522,1657
2020,Australia,5,5
2020,Austria,5,0
2020,Azerbaijan,63058,32342
2020,Bahrain,37,65
2020,Barbados,0,0
2020,Burundi,179537,187352
2020,Belgium,6,0
2020,Benin,78,94
2020,Bangladesh,328,1240
2020,Bahamas,24,20
2020,Bhutan,2962,3439
2020,Burkina Faso,7428,5701
2020,Belarus,147,172
2020,Bolivia,41,62
2020,Botswana,12,5
2020,Brazil,38,41
2020,Bosnia and Herzegovina,990,786
2020,Bulgaria,41,61
2020,Belize,0,0
2020,Cambodia,224,196
2020,Canada,16,7
2020,Central African Rep.,337015,300928
2020,Cayman Islands,0,0
2020,Chad,3500,3747
2020,China,2739,3311
2020,Chile,116,138
2020,Cameroon,35618,30920
2020,Congo,2763,3364
2020,Dem. Rep. Congo,406257,392671
2020,Comoros,5,0
2020,Colombia,59788,63008
2020,Costa Rica,5,0
2020,Cuba,399,565
2020,Cabo Verde,0,0
2020,Czechia,269,442
2020,Denmark,0,0
2020,Djibouti,263,263
2020,Dominica,5,0
2020,Dominican Rep.,15,5
2020,Ecuador,35,11
2020,Equatorial Guinea,16,12
2020,Eritrea,187407,211911
2020,Estonia,0,10
2020,Ethiopia,53812,76517
2020,Fiji,0,0
2020,France,0,16
2020,Gabon,25,19
2020,Gambia,471,816
2020,Palestinian,41723,43517
2020,United Kingdom of Great Britain and Northern Ireland,5,17
2020,Georgia,623,690
2020,Germany,0,0
2020,Ghana,5273,4021
2020,Guinea-Bissau,69,115
2020,Greece,6,41
2020,Grenada,0,0
2020,Guatemala,67,55
2020,Guinea,4179,3274
2020,Guyana,5,0
2020,Haiti,423,379
2020,"China, Hong Kong SAR",0,0
2020,Honduras,149,138
2020,Croatia,3082,2325
2020,Hungary,344,574
2020,Iceland,0,5
2020,Cote d'Ivoire,11600,11902
2020,India,368,505
2020,Indonesia,987,36
2020,Iran (Islamic Rep. of),22231,34377
2020,Iraq,96994,124194
2020,Israel,24,28
2020,Italy,16,14
2020,Jamaica,41,141
2020,Jordan,451,342
2020,Japan,14,9
2020,Kazakhstan,127,120
2020,Kenya,2512,2256
2020,Kyrgyzstan,190,148
2020,Rep. of Korea,14,12
2020,Dem. People's Rep. of Korea,57,78
2020,Kuwait,50,89
2020,Laos,7,52
2020,Liberia,1419,1328
2020,Libya,1345,2127
2020,Saint Lucia,0,0
2020,Lebanon,1124,1091
2020,Lesotho,0,0
2020,Sri Lanka,32329,33640
2020,Lithuania,0,10
2020,Luxembourg,5,0
2020,Latvia,0,12
2020,Madagascar,0,0
2020,Mauritania,15143,15032
2020,North Macedonia,476,456
2020,Rep. of Moldova,99,101
2020,Maldives,5,0
2020,Mexico,415,402
2020,Marshall Islands,0,0
2020,Mali,79916,67138
2020,Malaysia,12,10
2020,Malawi,86,55
2020,Mongolia,206,171
2020,Morocco,556,511
2020,Mozambique,21,7
2020,Malta,0,0
2020,Montenegro,171,129
2020,Mauritius,14,10
2020,Myanmar,542238,557376
2020,Namibia,0,0
2020,Nepal,69,94
2020,Netherlands,15,16
2020,Niger,9832,8020
2020,Nicaragua,109,118
2020,Nigeria,169251,147149
2020,Niue,0,0
2020,Norway,0,0
2020,Nauru,0,0
2020,New Zealand,0,8
2020,Oman,8,0
2020,Pakistan,44801,44827
2020,Panama,0,0
2020,Paraguay,14,10
2020,Peru,347,344
2020,Philippines,59,37
2020,Papua New Guinea,0,0
2020,Poland,198,497
2020,Portugal,7,0
2020,Qatar,0,5
2020,Romania,114,172
2020,South Africa,94,69
2020,Russia,6783,6411
2020,Rwanda,120474,119332
2020,El Salvador,534,489
2020,Saudi Arabia,199,192
2020,Serbia and Kosovo: S/RES/1244 (1999),5811,5515
2020,Senegal,3313,3378
2020,Seychelles,0,0
2020,Singapore,0,8
2020,Sierra Leone,1197,1327
2020,Solomon Islands,6,7
2020,Somalia,346550,397659
2020,Spain,11,16
2020,Vietnam,842,1230
2020,Saint Kitts and Nevis,0,0
2020,Sao Tome and Principe,16,7
2020,Sudan,395315,349716
2020,Suriname,0,0
2020,South Sudan,1146900,1041312
2020,Slovakia,40,72
2020,Slovenia,0,6
2020,Eswatini,12,19
2020,Sweden,8,0
2020,Switzerland,0,0
2020,Syrian Arab Rep.,2928402,3370049
2020,United Rep. of Tanzania,113,102
2020,Turks and Caicos Islands,0,0
2020,Thailand,44,23
2020,Tajikistan,547,598
2020,Turkmenistan,66,56
2020,Timor-Leste,0,0
2020,Togo,2101,2808
2020,Tonga,0,0
2020,Trinidad and Tobago,0,5
2020,Tunisia,171,194
2020,Türkiye,23725,29975
2020,United Arab Emirates,21,22
2020,Uganda,813,1299
2020,Ukraine,1279,978
2020,Uruguay,0,0
2020,United States of America,78,88
2020,Uzbekistan,155,154
2020,Saint Vincent and the Grenadines,0,5
2020,Venezuela,2408,2604
2020,Western Sahara,24,87
2020,Yemen,8433,14155
2020,Zambia,45,30
2020,Zimbabwe,2382,2766
2020,Stateless,4356,7168
2020,Tibetan,6897,5649
2020,Curacao ,0,0
2020,Unknown ,18612,28012
2021,Afghanistan,1125978,1336294
2021,Albania,887,879
2021,Algeria,583,810
2021,Angola,1270,1246
2021,Antigua and Barbuda,7,0
2021,Egypt,1685,2128
2021,Argentina,16,18
2021,Armenia,1497,1584
2021,Australia,5,6
2021,Austria,5,5
2021,Azerbaijan,2759,2702
2021,Bahrain,31,72
2021,Barbados,37,21
2021,Burundi,151755,163079
2021,Belgium,7,0
2021,Benin,83,113
2021,Bangladesh,521,1521
2021,Bahamas,146,111
2021,Bhutan,2957,3439
2021,Burkina Faso,9552,7715
2021,Belarus,209,271
2021,Bolivia,54,57
2021,Botswana,6,12
2021,Brazil,132,156
2021,Bosnia and Herzegovina,923,736
2021,Bulgaria,39,60
2021,Belize,12,12
2021,Cambodia,253,241
2021,Canada,16,8
2021,Central African Rep.,384655,342442
2021,Cayman Islands,0,0
2021,Chad,3761,3802
2021,China,2538,3117
2021,Chile,314,321
2021,Cameroon,41061,35078
2021,Congo,2770,3334
2021,Dem. Rep. Congo,433293,418765
2021,Comoros,10,0
2021,Colombia,48551,50491
2021,Costa Rica,27,24
2021,Cuba,2055,3393
2021,Cabo Verde,0,0
2021,Cyprus,0,0
2021,Czechia,160,264
2021,Denmark,0,0
2021,Djibouti,92,148
2021,Dominica,5,0
2021,Dominican Rep.,54,35
2021,Ecuador,80,64
2021,Equatorial Guinea,24,13
2021,Eritrea,181736,196661
2021,Estonia,0,5
2021,Ethiopia,54526,73122
2021,Fiji,0,0
2021,Finland,0,0
2021,France,0,13
2021,Gabon,17,7
2021,Gambia,562,913
2021,Palestinian,41247,42535
2021,United Kingdom of Great Britain and Northern Ireland,13,20
2021,Georgia,643,685
2021,Germany,0,0
2021,Ghana,5337,4128
2021,Guinea-Bissau,70,109
2021,Greece,6,38
2021,Grenada,0,0
2021,Guatemala,1609,1654
2021,Guinea,2459,2346
2021,Guyana,14,10
2021,Haiti,2373,2714
2021,"China, Hong Kong SAR",10,7
2021,Honduras,14046,17207
2021,Croatia,150,183
2021,Hungary,435,622
2021,Iceland,0,0
2021,Cote d'Ivoire,10800,11216
2021,India,870,1155
2021,Indonesia,956,50
2021,Ireland,5,0
2021,Iran (Islamic Rep. of),22973,34403
2021,Iraq,94946,119033
2021,Israel,28,37
2021,Italy,16,15
2021,Jamaica,107,172
2021,Jordan,565,564
2021,Japan,14,9
2021,Kazakhstan,151,142
2021,Kenya,2632,2391
2021,Kyrgyzstan,159,157
2021,Rep. of Korea,19,8
2021,Dem. People's Rep. of Korea,39,59
2021,Kuwait,69,107
2021,Laos,6,42
2021,Liberia,1469,1399
2021,Libya,1450,2291
2021,Saint Lucia,9,0
2021,Lebanon,1321,1238
2021,Lesotho,0,0
2021,Liechtenstein,0,0
2021,Sri Lanka,32470,33520
2021,Lithuania,0,5
2021,Latvia,5,11
2021,Madagascar,0,14
2021,Mauritania,14846,14474
2021,North Macedonia,402,356
2021,Rep. of Moldova,113,100
2021,Maldives,5,0
2021,Mexico,1139,1147
2021,Marshall Islands,0,0
2021,Mali,87269,74128
2021,Malaysia,16,17
2021,Malawi,115,71
2021,Mongolia,258,195
2021,Morocco,567,441
2021,Mozambique,21,5
2021,Malta,0,0
2021,Montenegro,150,113
2021,Mauritius,14,12
2021,Myanmar,568579,585188
2021,Namibia,5,6
2021,Nepal,48,71
2021,Netherlands,16,20
2021,Niger,11437,9213
2021,Nicaragua,3172,3132
2021,Nigeria,184650,158666
2021,Niue,0,0
2021,Norway,0,0
2021,Nauru,0,0
2021,New Zealand,0,7
2021,Oman,8,0
2021,Pakistan,42779,43351
2021,Panama,23,40
2021,Paraguay,19,15
2021,Peru,441,425
2021,Philippines,82,50
2021,Papua New Guinea,0,0
2021,Poland,175,409
2021,Portugal,6,5
2021,Qatar,0,5
2021,Romania,139,203
2021,South Africa,120,81
2021,Russia,5864,5410
2021,Rwanda,120845,119364
2021,El Salvador,6037,7199
2021,Saudi Arabia,251,227
2021,Serbia and Kosovo: S/RES/1244 (1999),4468,4098
2021,Senegal,3255,3214
2021,Seychelles,0,0
2021,Singapore,0,7
2021,Sierra Leone,1431,1532
2021,Solomon Islands,6,7
2021,Somalia,348437,358718
2021,Spain,11,20
2021,Vietnam,891,1274
2021,Saint Kitts and Nevis,0,0
2021,Sao Tome and Principe,6,0
2021,Sudan,409924,365453
2021,Suriname,0,0
2021,South Sudan,1229428,1132468
2021,Slovakia,51,87
2021,Slovenia,0,6
2021,Eswatini,17,18
2021,Sweden,9,0
2021,Syrian Arab Rep.,2978832,3413471
2021,United Rep. of Tanzania,128,129
2021,Turks and Caicos Islands,0,0
2021,Thailand,38,20
2021,Tajikistan,586,673
2021,Turkmenistan,65,61
2021,Timor-Leste,0,0
2021,Togo,2031,2665
2021,Tonga,0,0
2021,Trinidad and Tobago,14,11
2021,Tunisia,173,179
2021,Türkiye,22796,30126
2021,United Arab Emirates,22,22
2021,Uganda,1024,1518
2021,Ukraine,2548,2158
2021,Uruguay,5,13
2021,United States of America,120,116
2021,Uzbekistan,145,166
2021,Saint Vincent and the Grenadines,15,0
2021,Venezuela,14783,14757
2021,Samoa,0,0
2021,Western Sahara,27,88
2021,Yemen,9295,16205
2021,Zambia,46,30
2021,Zimbabwe,2566,2899
2021,Stateless,4806,7743
2021,Tibetan,6897,5643
2021,Curacao ,0,0
2021,Unknown ,19271,27487
